sample_key,root_aligned_mpjpe_mm,scale_aligned_mpjpe_mm,pa_mpjpe_mm
test/downtown_arguing_00/p00/f00000,150.939403,122.002649,69.616557
test/downtown_arguing_00/p00/f00050,144.435670,125.460212,85.804236
test/downtown_arguing_00/p00/f00100,159.418484,146.821781,99.665989
test/downtown_arguing_00/p00/f00150,121.982270,114.615173,81.466867
test/downtown_arguing_00/p00/f00200,116.665149,114.135776,90.239398
test/downtown_arguing_00/p00/f00250,186.021325,186.369847,152.962566
test/downtown_arguing_00/p00/f00300,169.764239,169.705758,136.599286
test/downtown_arguing_00/p00/f00350,166.734444,166.820573,140.737209
test/downtown_arguing_00/p00/f00400,130.804801,130.781123,99.146142
test/downtown_arguing_00/p00/f00450,146.789113,147.316997,97.135583
test/downtown_arguing_00/p00/f00500,131.398817,131.872693,87.157260
test/downtown_arguing_00/p00/f00550,140.114846,141.026450,88.324658
test/downtown_arguing_00/p00/f00600,154.727408,154.200850,106.047012
test/downtown_arguing_00/p00/f00650,153.698529,153.702968,81.514224
test/downtown_arguing_00/p00/f00700,216.886464,217.939047,147.560190
test/downtown_arguing_00/p00/f00750,191.985703,193.443316,118.522188
test/downtown_arguing_00/p00/f00800,256.754490,247.222260,157.138799
test/downtown_arguing_00/p00/f00850,176.530227,142.251834,104.610443
test/downtown_arguing_00/p01/f00000,149.350965,116.832418,62.989853
test/downtown_arguing_00/p01/f00050,150.638284,118.400827,77.021718
test/downtown_arguing_00/p01/f00100,167.241384,145.981186,98.750444
test/downtown_arguing_00/p01/f00150,126.101975,111.032604,71.241922
test/downtown_arguing_00/p01/f00200,145.263272,135.296001,89.188746
test/downtown_arguing_00/p01/f00250,155.983718,146.899291,102.621716
test/downtown_arguing_00/p01/f00300,158.241139,144.977569,119.598438
test/downtown_arguing_00/p01/f00350,162.487437,150.216479,124.019380
test/downtown_arguing_00/p01/f00400,166.656503,157.345066,130.828086
test/downtown_arguing_00/p01/f00450,140.772420,134.915071,109.123898
test/downtown_arguing_00/p01/f00500,144.251383,137.869856,102.847648
test/downtown_arguing_00/p01/f00550,164.908779,164.183763,145.401894
test/downtown_arguing_00/p01/f00600,131.264326,131.524678,97.331847
test/downtown_arguing_00/p01/f00650,178.052845,174.026504,102.256914
test/downtown_arguing_00/p01/f00700,149.440376,148.951255,102.988756
test/downtown_arguing_00/p01/f00750,240.017120,230.041789,214.329876
test/downtown_arguing_00/p01/f00800,197.082053,192.049392,121.912529
test/downtown_arguing_00/p01/f00850,261.557216,253.768867,128.917740
test/downtown_bar_00/p00/f00000,300.340334,288.065042,101.272868
test/downtown_bar_00/p00/f00050,236.267572,201.982439,99.616573
test/downtown_bar_00/p00/f00100,261.605228,215.486753,162.115067
test/downtown_bar_00/p00/f00200,176.643509,167.933522,114.414816
test/downtown_bar_00/p00/f00250,170.344750,163.751639,128.205630
test/downtown_bar_00/p00/f00300,150.026470,148.401629,108.882039
test/downtown_bar_00/p00/f00350,165.061861,165.002085,110.491744
test/downtown_bar_00/p00/f00400,172.634436,172.610825,116.301951
test/downtown_bar_00/p00/f00450,172.269569,171.347505,116.388728
test/downtown_bar_00/p00/f00500,140.815708,140.235302,82.344111
test/downtown_bar_00/p00/f00550,168.156107,165.449573,119.506636
test/downtown_bar_00/p00/f00600,168.718519,165.156521,126.945752
test/downtown_bar_00/p00/f00650,198.728919,193.718197,141.409828
test/downtown_bar_00/p00/f00700,186.271448,182.371807,132.041275
test/downtown_bar_00/p00/f00800,165.052581,164.127189,118.694632
test/downtown_bar_00/p00/f00850,177.591430,175.925723,130.950481
test/downtown_bar_00/p00/f00900,163.126969,163.066825,108.877922
test/downtown_bar_00/p00/f00950,145.843390,145.546417,102.838245
test/downtown_bar_00/p00/f01050,160.436969,160.540886,106.502092
test/downtown_bar_00/p00/f01100,120.788979,120.861499,74.359987
test/downtown_bar_00/p00/f01150,109.814236,109.473817,81.963768
test/downtown_bar_00/p00/f01200,167.185726,167.523515,119.356551
test/downtown_bar_00/p00/f01250,160.456841,161.415065,106.910892
test/downtown_bar_00/p00/f01300,212.994486,209.727850,111.774252
test/downtown_bar_00/p00/f01350,179.066305,177.989992,129.018446
test/downtown_bar_00/p00/f01400,143.792870,140.807233,76.356889
test/downtown_bar_00/p01/f00000,232.365661,164.062402,75.728146
test/downtown_bar_00/p01/f00050,229.054724,160.684952,93.906054
test/downtown_bar_00/p01/f00100,215.317479,177.743586,99.784394
test/downtown_bar_00/p01/f00150,195.668275,174.827611,119.838878
test/downtown_bar_00/p01/f00200,158.668769,150.284501,107.719390
test/downtown_bar_00/p01/f00250,178.949762,184.146492,124.414500
test/downtown_bar_00/p01/f00300,173.709038,175.145923,101.322669
test/downtown_bar_00/p01/f00400,172.380274,171.879233,108.367502
test/downtown_bar_00/p01/f00450,174.715880,176.137924,117.093394
test/downtown_bar_00/p01/f00500,164.325017,165.270720,120.476549
test/downtown_bar_00/p01/f00550,168.086945,169.426173,116.030296
test/downtown_bar_00/p01/f00600,161.599080,162.459781,98.112193
test/downtown_bar_00/p01/f00650,166.182771,166.529783,99.626394
test/downtown_bar_00/p01/f00700,159.341252,159.926477,95.802096
test/downtown_bar_00/p01/f00800,164.642100,163.933374,105.509461
test/downtown_bar_00/p01/f00850,171.596789,170.761487,85.614616
test/downtown_bar_00/p01/f00900,171.390689,169.414116,90.672710
test/downtown_bar_00/p01/f00950,183.879263,181.886922,105.678489
test/downtown_bar_00/p01/f01000,220.482347,220.219089,112.544216
test/downtown_bar_00/p01/f01100,171.182247,167.628601,94.603113
test/downtown_bar_00/p01/f01150,171.380673,166.686208,94.353204
test/downtown_bar_00/p01/f01200,170.626609,164.048048,98.156214
test/downtown_bar_00/p01/f01250,180.553607,178.365547,109.961500
test/downtown_bar_00/p01/f01300,197.703265,198.979034,125.746918
test/downtown_bar_00/p01/f01350,141.869807,141.894927,75.364129
test/downtown_bar_00/p01/f01400,127.595314,127.056237,61.454453
test/downtown_bus_00/p00/f00000,146.495830,146.463952,97.534482
test/downtown_bus_00/p00/f00050,137.016654,136.962704,79.678992
test/downtown_bus_00/p00/f00100,145.047594,145.068284,92.872076
test/downtown_bus_00/p00/f00150,155.879469,155.966458,98.845046
test/downtown_bus_00/p00/f00200,152.014703,151.893060,99.635705
test/downtown_bus_00/p00/f00250,170.641403,170.281944,94.693823
test/downtown_bus_00/p00/f00300,203.924272,202.734801,92.856833
test/downtown_bus_00/p00/f00400,142.241686,141.219814,97.860807
test/downtown_bus_00/p00/f00450,146.194279,138.845423,81.525399
test/downtown_bus_00/p00/f00500,143.785917,139.433814,85.203288
test/downtown_bus_00/p00/f00550,141.400322,139.819033,96.141793
test/downtown_bus_00/p00/f00600,157.871088,156.537783,98.637470
test/downtown_bus_00/p00/f00650,170.874823,170.771610,100.277920
test/downtown_bus_00/p00/f00700,160.130420,159.515505,103.012069
test/downtown_bus_00/p00/f00750,166.549706,165.901300,116.240901
test/downtown_bus_00/p00/f00800,153.183032,152.974760,103.094050
test/downtown_bus_00/p00/f01200,249.399154,249.807507,129.041535
test/downtown_bus_00/p00/f01300,193.616631,190.052217,156.501644
test/downtown_bus_00/p00/f01950,198.984295,187.393513,123.463178
test/downtown_bus_00/p00/f02000,172.826471,149.222856,111.097717
test/downtown_bus_00/p00/f02050,179.609492,160.434925,78.630026
test/downtown_bus_00/p00/f02100,174.711091,151.448541,76.782516
test/downtown_bus_00/p00/f02150,133.238353,116.092277,70.168356
test/downtown_bus_00/p01/f00000,113.750449,114.588290,66.359908
test/downtown_bus_00/p01/f00050,142.063763,141.492184,78.616372
test/downtown_bus_00/p01/f00100,140.782975,139.421406,104.627372
test/downtown_bus_00/p01/f00150,150.995303,150.095899,96.972597
test/downtown_bus_00/p01/f00200,143.320961,143.303312,98.281022
test/downtown_bus_00/p01/f00250,164.244855,163.443443,110.124579
test/downtown_bus_00/p01/f00300,140.469574,140.644781,97.415695
test/downtown_bus_00/p01/f00350,189.345749,187.729182,111.572919
test/downtown_bus_00/p01/f00450,229.865532,222.447792,122.132454
test/downtown_bus_00/p01/f00500,249.891794,247.030066,154.153792
test/downtown_bus_00/p01/f00600,186.340628,185.347342,124.689366
test/downtown_bus_00/p01/f00650,147.636894,148.820621,95.662398
test/downtown_bus_00/p01/f00700,217.437158,216.172729,137.005299
test/downtown_bus_00/p01/f00750,259.258730,254.316002,149.504585
test/downtown_bus_00/p01/f00800,219.682877,219.950177,170.322790
test/downtown_bus_00/p01/f01350,271.746297,270.836387,144.153295
test/downtown_bus_00/p01/f01400,196.802297,167.045149,117.300021
test/downtown_bus_00/p01/f01450,174.356300,125.660854,95.626737
test/downtown_bus_00/p01/f01500,178.623402,124.606153,95.395060
test/downtown_bus_00/p01/f01550,186.716218,140.866910,105.193127
test/downtown_bus_00/p01/f01600,197.818367,156.173101,104.988501
test/downtown_bus_00/p01/f01650,164.568794,116.322011,79.466494
test/downtown_bus_00/p01/f01700,158.305422,113.324684,70.949191
test/downtown_bus_00/p01/f01750,155.677141,107.213216,69.032090
test/downtown_bus_00/p01/f01800,155.330710,110.760880,69.154024
test/downtown_bus_00/p01/f01850,155.294796,114.385242,74.029223
test/downtown_bus_00/p01/f01900,159.459319,121.637162,75.356278
test/downtown_bus_00/p01/f01950,148.012855,114.459270,63.243807
test/downtown_bus_00/p01/f02000,148.278351,86.644164,72.880980
test/downtown_bus_00/p01/f02050,157.402561,95.872729,79.082229
test/downtown_bus_00/p01/f02100,208.787755,169.874768,178.296695
test/downtown_bus_00/p01/f02150,179.325803,169.010841,99.755406
test/downtown_cafe_00/p00/f00000,265.873865,178.534389,127.256033
test/downtown_cafe_00/p00/f00050,256.332067,156.331346,120.194637
test/downtown_cafe_00/p00/f00100,217.716964,135.794460,114.755668
test/downtown_cafe_00/p00/f00150,209.576850,174.381323,120.520714
test/downtown_cafe_00/p00/f00200,213.063346,188.596057,146.154576
test/downtown_cafe_00/p00/f00250,209.469683,174.284176,154.495901
test/downtown_cafe_00/p00/f00300,212.558799,129.880939,100.134454
test/downtown_cafe_00/p00/f00350,223.773942,127.521288,115.445686
test/downtown_cafe_00/p00/f00400,247.905933,154.065181,116.752340
test/downtown_cafe_00/p00/f00450,276.919454,204.942277,105.105238
test/downtown_cafe_00/p00/f00500,281.885051,231.230744,106.692273
test/downtown_cafe_00/p00/f00550,344.443761,341.925249,226.926966
test/downtown_cafe_00/p00/f00600,332.097972,313.204822,199.682916
test/downtown_cafe_00/p00/f00650,282.066165,264.699702,180.004800
test/downtown_cafe_00/p00/f00700,279.980644,255.083808,167.038737
test/downtown_cafe_00/p00/f00750,207.990914,138.339863,97.797195
test/downtown_cafe_00/p00/f01050,312.133042,309.655429,105.532429
test/downtown_cafe_00/p00/f01100,174.831320,125.195570,73.731648
test/downtown_cafe_00/p00/f01150,160.043192,111.725050,58.861154
test/downtown_cafe_00/p00/f01200,159.014266,112.726795,57.678742
test/downtown_cafe_00/p01/f00000,199.309899,135.318317,91.395416
test/downtown_cafe_00/p01/f00050,224.766815,179.687769,164.011022
test/downtown_cafe_00/p01/f00100,164.409461,128.557476,100.501735
test/downtown_cafe_00/p01/f00150,142.220213,138.835557,104.929352
test/downtown_cafe_00/p01/f00250,198.208038,197.821507,130.855624
test/downtown_cafe_00/p01/f00300,222.822811,218.576585,139.840520
test/downtown_cafe_00/p01/f00350,190.567539,181.411420,104.782211
test/downtown_cafe_00/p01/f00400,188.664793,146.227385,100.719313
test/downtown_cafe_00/p01/f00450,173.594988,141.858500,84.673048
test/downtown_cafe_00/p01/f00500,187.685141,154.548673,83.636825
test/downtown_cafe_00/p01/f00550,243.851033,235.150386,128.206557
test/downtown_cafe_00/p01/f00600,173.542985,154.092300,131.552067
test/downtown_cafe_00/p01/f00650,288.199281,259.244302,149.846392
test/downtown_cafe_00/p01/f00700,186.035266,159.884126,95.260254
test/downtown_cafe_00/p01/f00750,199.939043,191.986437,100.148041
test/downtown_cafe_00/p01/f00800,165.477178,156.808836,106.843861
test/downtown_cafe_00/p01/f00850,154.434374,150.489899,109.465709
test/downtown_cafe_00/p01/f00900,148.219042,145.263171,116.061032
test/downtown_cafe_00/p01/f00950,163.266947,162.321785,122.574188
test/downtown_cafe_00/p01/f01000,195.046182,194.503423,81.500371
test/downtown_cafe_00/p01/f01050,151.655926,151.311655,96.440007
test/downtown_cafe_00/p01/f01100,194.886381,194.910535,164.170042
test/downtown_cafe_00/p01/f01150,219.134487,212.058577,91.439560
test/downtown_cafe_00/p01/f01200,170.556647,152.954591,66.185884
test/downtown_car_00/p00/f00000,219.212773,215.919190,110.967966
test/downtown_car_00/p00/f00100,177.123687,165.327154,109.914884
test/downtown_car_00/p00/f00150,145.241223,133.097209,98.127976
test/downtown_car_00/p00/f00200,136.693844,134.116605,92.140832
test/downtown_car_00/p00/f00250,156.641224,156.739563,92.923407
test/downtown_car_00/p00/f00300,148.107867,142.817254,101.286075
test/downtown_car_00/p00/f00350,191.710558,182.628433,167.907499
test/downtown_car_00/p00/f00400,145.366478,136.221499,104.911049
test/downtown_car_00/p00/f00450,206.787854,199.383765,136.511022
test/downtown_car_00/p00/f00500,247.383278,213.747531,162.228487
test/downtown_car_00/p00/f00550,246.476483,189.070703,157.498552
test/downtown_car_00/p00/f00800,318.490996,319.536855,200.054166
test/downtown_car_00/p00/f00850,247.298038,195.661976,140.927181
test/downtown_car_00/p00/f00900,186.651434,147.955118,63.974661
test/downtown_car_00/p00/f00950,165.795303,149.721064,72.974330
test/downtown_car_00/p00/f01000,151.875574,149.181597,69.486418
test/downtown_car_00/p01/f00000,276.781053,254.914382,106.334430
test/downtown_car_00/p01/f00100,126.499634,119.773201,76.953632
test/downtown_car_00/p01/f00150,168.099977,159.332937,90.266105
test/downtown_car_00/p01/f00200,145.134366,144.314202,103.276436
test/downtown_car_00/p01/f00250,203.414217,203.354177,138.998900
test/downtown_car_00/p01/f00300,136.155376,136.010174,90.315422
test/downtown_car_00/p01/f00350,105.754460,98.410480,62.444007
test/downtown_car_00/p01/f00400,104.696770,99.926647,65.298959
test/downtown_car_00/p01/f00450,125.527974,125.984287,73.625890
test/downtown_car_00/p01/f00500,162.541819,162.595504,102.363660
test/downtown_car_00/p01/f00550,195.201934,197.154467,75.786724
test/downtown_car_00/p01/f00600,205.904005,207.351816,171.753032
test/downtown_car_00/p01/f00850,238.038496,240.050177,158.648434
test/downtown_car_00/p01/f00900,164.317779,166.287391,91.523156
test/downtown_car_00/p01/f00950,150.268391,148.628765,74.618341
test/downtown_car_00/p01/f01000,159.170589,151.091539,64.428461
test/downtown_crossStreets_00/p00/f00000,285.917227,210.354517,94.699501
test/downtown_crossStreets_00/p00/f00050,287.585133,206.050000,96.829916
test/downtown_crossStreets_00/p00/f00100,311.867178,228.644544,155.805412
test/downtown_crossStreets_00/p00/f00150,249.809448,177.581984,103.495111
test/downtown_crossStreets_00/p00/f00200,227.050735,193.306086,127.655160
test/downtown_crossStreets_00/p00/f00250,181.570830,173.586167,118.953297
test/downtown_crossStreets_00/p00/f00300,162.071046,154.584201,117.519516
test/downtown_crossStreets_00/p00/f00400,220.728258,220.772882,154.252805
test/downtown_crossStreets_00/p00/f00450,193.096096,180.890877,153.205022
test/downtown_crossStreets_00/p00/f00500,154.341110,143.419937,84.082141
test/downtown_crossStreets_00/p00/f00550,135.474010,133.850756,78.292616
test/downtown_crossStreets_00/p01/f00000,258.926787,185.451880,66.872143
test/downtown_crossStreets_00/p01/f00050,257.043034,181.412524,72.462578
test/downtown_crossStreets_00/p01/f00100,289.645470,232.149198,144.303026
test/downtown_crossStreets_00/p01/f00150,252.716949,186.803172,153.817981
test/downtown_crossStreets_00/p01/f00200,224.194711,191.374406,131.926058
test/downtown_crossStreets_00/p01/f00250,220.167104,220.936625,128.704358
test/downtown_crossStreets_00/p01/f00300,231.794035,234.797188,147.191432
test/downtown_crossStreets_00/p01/f00400,191.109239,192.242712,165.556641
test/downtown_crossStreets_00/p01/f00450,179.347658,178.327577,163.924673
test/downtown_crossStreets_00/p01/f00550,168.502707,165.136898,121.216238
test/downtown_downstairs_00/p00/f00000,276.482598,232.387527,155.830336
test/downtown_downstairs_00/p00/f00050,255.418064,190.238436,129.355568
test/downtown_downstairs_00/p00/f00100,249.906152,184.029719,124.911627
test/downtown_downstairs_00/p00/f00150,237.354765,177.886799,121.426785
test/downtown_downstairs_00/p00/f00200,217.757256,172.388762,96.229074
test/downtown_downstairs_00/p00/f00250,192.833844,151.536823,105.289976
test/downtown_downstairs_00/p00/f00300,193.842007,139.234038,99.037004
test/downtown_downstairs_00/p00/f00350,231.231935,173.974500,134.181660
test/downtown_downstairs_00/p00/f00650,243.192808,197.658192,132.180027
test/downtown_downstairs_00/p00/f00700,248.588221,173.070681,119.623996
test/downtown_downstairs_00/p00/f00750,274.060125,211.385854,119.344516
test/downtown_downstairs_00/p00/f00800,293.395329,257.176463,104.837787
test/downtown_downstairs_00/p00/f00850,284.498469,257.059968,74.776694
test/downtown_enterShop_00/p00/f00000,158.359964,149.007287,65.326691
test/downtown_enterShop_00/p00/f00050,176.828227,162.963039,106.298266
test/downtown_enterShop_00/p00/f00100,183.410813,170.433896,93.268261
test/downtown_enterShop_00/p00/f00150,132.444264,93.587641,67.872317
test/downtown_enterShop_00/p00/f00200,141.091286,102.442416,71.019817
test/downtown_enterShop_00/p00/f00250,140.207149,103.307440,77.565686
test/downtown_enterShop_00/p00/f00300,134.198399,113.776007,69.545068
test/downtown_enterShop_00/p00/f00350,137.887885,105.670001,74.749812
test/downtown_enterShop_00/p00/f00400,173.412452,166.247139,111.364124
test/downtown_enterShop_00/p00/f00450,260.082579,259.830731,172.157391
test/downtown_enterShop_00/p00/f00500,221.517317,224.765562,155.970993
test/downtown_enterShop_00/p00/f00600,207.518577,207.519779,146.633287
test/downtown_enterShop_00/p00/f00650,204.683077,207.598957,142.858835
test/downtown_enterShop_00/p00/f00700,217.422509,219.265112,146.711734
test/downtown_enterShop_00/p00/f00750,195.914782,191.659470,110.581259
test/downtown_enterShop_00/p00/f00800,176.460271,175.354289,111.795531
test/downtown_enterShop_00/p00/f00850,189.801327,189.297574,133.053761
test/downtown_enterShop_00/p00/f00900,159.018506,154.942455,109.462027
test/downtown_enterShop_00/p00/f00950,191.876921,180.867219,129.898104
test/downtown_enterShop_00/p00/f01000,188.595133,170.186236,138.036761
test/downtown_enterShop_00/p00/f01050,195.863764,182.898746,135.836895
test/downtown_enterShop_00/p00/f01100,223.562103,221.544490,183.084957
test/downtown_enterShop_00/p00/f01150,185.419598,177.576599,145.420953
test/downtown_enterShop_00/p00/f01200,162.360850,129.265945,113.238479
test/downtown_enterShop_00/p00/f01250,145.342061,125.975525,83.050296
test/downtown_enterShop_00/p00/f01300,123.845309,117.947133,74.033208
test/downtown_enterShop_00/p00/f01350,209.593075,205.654744,123.395264
test/downtown_enterShop_00/p00/f01400,222.563550,222.060117,121.924378
test/downtown_rampAndStairs_00/p00/f00000,160.357152,156.338464,83.470044
test/downtown_rampAndStairs_00/p00/f00050,196.942287,181.215923,125.579386
test/downtown_rampAndStairs_00/p00/f00100,223.493326,196.512056,134.240997
test/downtown_rampAndStairs_00/p00/f00150,234.034301,174.288873,79.962146
test/downtown_rampAndStairs_00/p00/f00200,234.113582,172.964607,80.136175
test/downtown_rampAndStairs_00/p00/f00250,250.732837,186.420974,133.907635
test/downtown_rampAndStairs_00/p00/f00300,263.041947,195.014728,94.594233
test/downtown_rampAndStairs_00/p00/f00350,305.201485,239.124273,144.369709
test/downtown_rampAndStairs_00/p00/f00400,318.072265,264.241305,147.725439
test/downtown_rampAndStairs_00/p00/f00450,342.896231,292.595897,179.661764
test/downtown_rampAndStairs_00/p00/f00500,336.212726,286.837639,172.190309
test/downtown_rampAndStairs_00/p00/f00550,323.907888,277.705861,143.291519
test/downtown_rampAndStairs_00/p00/f00600,317.731217,265.949405,174.733393
test/downtown_rampAndStairs_00/p00/f00650,269.088199,213.869051,134.872809
test/downtown_rampAndStairs_00/p00/f00700,258.933651,209.846525,140.866291
test/downtown_rampAndStairs_00/p00/f00750,281.869107,268.704102,181.046589
test/downtown_rampAndStairs_00/p00/f00800,211.125310,209.795193,129.459514
test/downtown_rampAndStairs_00/p00/f00850,223.675641,226.758303,159.012756
test/downtown_rampAndStairs_00/p00/f00900,196.749440,190.186686,105.875394
test/downtown_rampAndStairs_00/p00/f00950,200.007160,191.253740,84.173528
test/downtown_rampAndStairs_00/p01/f00000,150.014373,149.311938,94.154023
test/downtown_rampAndStairs_00/p01/f00050,185.898786,177.312770,133.171793
test/downtown_rampAndStairs_00/p01/f00100,192.326846,167.805894,123.467459
test/downtown_rampAndStairs_00/p01/f00150,176.826807,118.918958,78.095218
test/downtown_rampAndStairs_00/p01/f00200,205.432183,156.952673,90.292841
test/downtown_rampAndStairs_00/p01/f00250,199.515841,150.881885,96.473970
test/downtown_rampAndStairs_00/p01/f00300,255.365988,217.623424,112.375480
test/downtown_rampAndStairs_00/p01/f00350,273.366281,238.779257,102.064738
test/downtown_rampAndStairs_00/p01/f00400,293.363160,235.131304,113.165920
test/downtown_rampAndStairs_00/p01/f00450,313.144958,251.994381,142.724331
test/downtown_rampAndStairs_00/p01/f00500,337.848659,261.864136,173.263064
test/downtown_rampAndStairs_00/p01/f00550,290.603837,210.812108,98.676224
test/downtown_rampAndStairs_00/p01/f00600,260.111624,179.932125,115.863230
test/downtown_rampAndStairs_00/p01/f00650,211.901941,147.993306,92.125615
test/downtown_rampAndStairs_00/p01/f00700,195.226540,131.189766,79.752647
test/downtown_rampAndStairs_00/p01/f00750,185.190993,135.610471,95.080820
test/downtown_rampAndStairs_00/p01/f00800,212.242856,200.810985,166.669149
test/downtown_rampAndStairs_00/p01/f00850,171.118840,173.066116,116.781580
test/downtown_rampAndStairs_00/p01/f00900,182.458691,178.148274,120.600357
test/downtown_rampAndStairs_00/p01/f00950,181.230982,168.732519,82.918700
test/downtown_runForBus_00/p00/f00000,285.206620,178.658671,130.789603
test/downtown_runForBus_00/p00/f00050,309.192098,213.598918,141.973745
test/downtown_runForBus_00/p00/f00100,282.353259,158.077604,118.789236
test/downtown_runForBus_00/p00/f00150,258.488239,139.044347,87.308747
test/downtown_runForBus_00/p00/f00200,268.126908,175.574690,104.005151
test/downtown_runForBus_00/p00/f00250,276.788111,181.403106,106.037831
test/downtown_runForBus_00/p00/f00300,281.664218,190.732623,149.838026
test/downtown_runForBus_00/p00/f00350,295.544013,217.801005,189.102355
test/downtown_runForBus_00/p00/f00450,307.274030,179.063853,145.983105
test/downtown_runForBus_00/p00/f00500,328.293949,223.609988,143.002110
test/downtown_runForBus_00/p00/f00550,311.475884,175.068717,120.803158
test/downtown_runForBus_00/p00/f00600,322.894313,210.862584,142.912425
test/downtown_runForBus_00/p00/f00650,325.226793,242.776277,149.114956
test/downtown_runForBus_00/p00/f00700,296.333988,174.511575,140.324107
test/downtown_runForBus_00/p01/f00000,206.523770,165.853315,61.298952
test/downtown_runForBus_00/p01/f00050,201.896888,136.424099,86.294224
test/downtown_runForBus_00/p01/f00100,182.238870,152.000252,74.380141
test/downtown_runForBus_00/p01/f00150,164.448885,142.499874,86.786565
test/downtown_runForBus_00/p01/f00200,165.235804,140.991037,102.039174
test/downtown_runForBus_00/p01/f00250,187.766489,175.368575,87.929190
test/downtown_runForBus_00/p01/f00300,220.621979,207.331481,126.949981
test/downtown_runForBus_00/p01/f00350,208.224063,188.588494,171.747312
test/downtown_runForBus_00/p01/f00400,208.232365,186.767391,135.745442
test/downtown_runForBus_00/p01/f00450,219.034787,203.888484,164.657104
test/downtown_runForBus_00/p01/f00500,261.501547,227.068479,156.971764
test/downtown_runForBus_00/p01/f00550,231.072885,185.391735,123.909814
test/downtown_runForBus_00/p01/f00600,245.280242,171.305363,150.209725
test/downtown_runForBus_00/p01/f00650,201.730073,151.261642,109.927904
test/downtown_runForBus_00/p01/f00700,164.025475,146.714390,74.546647
test/downtown_runForBus_01/p00/f00000,228.176496,148.635345,81.582611
test/downtown_runForBus_01/p00/f00050,242.948193,149.495556,66.974567
test/downtown_runForBus_01/p00/f00100,214.886753,135.339802,91.539116
test/downtown_runForBus_01/p00/f00150,226.774166,180.228901,126.874522
test/downtown_runForBus_01/p00/f00200,246.326688,196.176938,113.460058
test/downtown_runForBus_01/p00/f00250,236.946260,189.686576,111.713125
test/downtown_runForBus_01/p00/f00300,228.375165,159.173898,108.418170
test/downtown_runForBus_01/p00/f00350,237.376664,165.113517,100.025373
test/downtown_runForBus_01/p00/f00400,231.373812,175.361604,102.144332
test/downtown_runForBus_01/p00/f00450,326.856161,280.145561,161.861916
test/downtown_runForBus_01/p00/f00500,266.058730,182.678145,142.336414
test/downtown_runForBus_01/p00/f00550,365.374443,307.938436,245.251492
test/downtown_runForBus_01/p00/f00600,444.589234,403.689580,321.055457
test/downtown_runForBus_01/p00/f00650,374.547877,322.124440,278.074193
test/downtown_runForBus_01/p00/f00700,372.675580,320.003428,234.501390
test/downtown_runForBus_01/p00/f00750,354.397129,276.529230,220.737712
test/downtown_runForBus_01/p01/f00000,183.642955,175.475840,120.062705
test/downtown_runForBus_01/p01/f00050,245.822263,243.998057,120.665663
test/downtown_runForBus_01/p01/f00100,197.881851,183.797265,92.775021
test/downtown_runForBus_01/p01/f00150,244.449489,239.707170,128.083875
test/downtown_runForBus_01/p01/f00200,274.747181,264.165173,143.143200
test/downtown_runForBus_01/p01/f00250,206.416880,197.389363,121.905885
test/downtown_runForBus_01/p01/f00300,171.198576,151.895882,95.636539
test/downtown_runForBus_01/p01/f00350,196.008556,175.681100,102.946118
test/downtown_runForBus_01/p01/f00400,187.909859,174.024544,104.376179
test/downtown_runForBus_01/p01/f00450,183.852286,183.720189,122.549180
test/downtown_runForBus_01/p01/f00600,326.095548,325.903606,206.233681
test/downtown_runForBus_01/p01/f00650,343.682146,302.536322,249.225633
test/downtown_runForBus_01/p01/f00750,269.051609,206.150378,135.757243
test/downtown_sitOnStairs_00/p00/f00000,156.918739,129.594247,98.202439
test/downtown_sitOnStairs_00/p00/f00050,143.850601,113.403381,73.066613
test/downtown_sitOnStairs_00/p00/f00100,148.259830,141.862324,111.460838
test/downtown_sitOnStairs_00/p00/f00150,172.872653,172.589083,129.856320
test/downtown_sitOnStairs_00/p00/f00200,152.307238,151.714214,124.506250
test/downtown_sitOnStairs_00/p00/f00250,208.978212,202.524066,185.509659
test/downtown_sitOnStairs_00/p00/f00300,199.041287,190.643511,143.076259
test/downtown_sitOnStairs_00/p00/f00350,241.695319,229.256834,151.358469
test/downtown_sitOnStairs_00/p00/f00450,273.804981,247.659629,181.827679
test/downtown_sitOnStairs_00/p00/f00500,287.109417,262.604724,224.996575
test/downtown_sitOnStairs_00/p00/f00550,259.896078,214.649407,183.769903
test/downtown_sitOnStairs_00/p00/f00600,311.310623,310.754635,209.727478
test/downtown_sitOnStairs_00/p00/f00650,265.428781,264.801602,202.008732
test/downtown_sitOnStairs_00/p00/f00700,292.845176,293.083066,143.577196
test/downtown_sitOnStairs_00/p00/f00750,271.096305,271.441557,133.850851
test/downtown_sitOnStairs_00/p00/f00800,267.284088,267.648119,126.040579
test/downtown_sitOnStairs_00/p00/f00850,270.360394,270.977805,126.203163
test/downtown_sitOnStairs_00/p00/f00900,268.735163,269.211343,127.414511
test/downtown_sitOnStairs_00/p00/f00950,272.762666,273.002222,128.293708
test/downtown_sitOnStairs_00/p00/f01000,208.807246,209.304509,115.454342
test/downtown_sitOnStairs_00/p00/f01050,210.158110,210.027206,113.847252
test/downtown_sitOnStairs_00/p00/f01100,213.299299,213.215441,113.463192
test/downtown_sitOnStairs_00/p00/f01150,216.263799,216.363022,117.090444
test/downtown_sitOnStairs_00/p00/f01200,248.082512,246.701627,161.552303
test/downtown_sitOnStairs_00/p00/f01250,193.969480,193.102712,129.350360
test/downtown_sitOnStairs_00/p00/f01300,183.475884,179.175928,162.669734
test/downtown_sitOnStairs_00/p01/f00000,203.526513,181.382392,100.100085
test/downtown_sitOnStairs_00/p01/f00050,183.123219,154.232280,112.490015
test/downtown_sitOnStairs_00/p01/f00100,167.278057,150.914795,88.591996
test/downtown_sitOnStairs_00/p01/f00150,145.369442,142.527678,112.604836
test/downtown_sitOnStairs_00/p01/f00200,156.454160,156.353758,131.149332
test/downtown_sitOnStairs_00/p01/f00250,180.136182,180.158799,148.736250
test/downtown_sitOnStairs_00/p01/f00300,218.072057,218.180605,140.846008
test/downtown_sitOnStairs_00/p01/f00350,229.974042,224.496523,174.112494
test/downtown_sitOnStairs_00/p01/f00450,231.123955,172.678099,161.507626
test/downtown_sitOnStairs_00/p01/f00500,246.474929,157.510406,154.477275
test/downtown_sitOnStairs_00/p01/f00550,247.280550,178.184967,143.056252
test/downtown_sitOnStairs_00/p01/f00600,289.870061,233.967239,195.869982
test/downtown_sitOnStairs_00/p01/f00650,260.318742,242.401657,169.387469
test/downtown_sitOnStairs_00/p01/f00700,265.195472,258.768785,137.140480
test/downtown_sitOnStairs_00/p01/f00750,298.180856,296.372849,139.153043
test/downtown_sitOnStairs_00/p01/f00800,301.874747,300.660372,140.597207
test/downtown_sitOnStairs_00/p01/f00850,295.468513,293.275462,137.487323
test/downtown_sitOnStairs_00/p01/f00900,279.092269,275.055300,132.502523
test/downtown_sitOnStairs_00/p01/f00950,231.799868,222.609161,121.963404
test/downtown_sitOnStairs_00/p01/f01000,232.280134,229.828837,115.726679
test/downtown_sitOnStairs_00/p01/f01050,241.610088,239.569882,115.557632
test/downtown_sitOnStairs_00/p01/f01100,246.536579,244.652869,116.481189
test/downtown_sitOnStairs_00/p01/f01150,266.990332,263.819721,116.624887
test/downtown_sitOnStairs_00/p01/f01200,256.637046,252.977678,111.299133
test/downtown_sitOnStairs_00/p01/f01250,309.177515,306.233221,143.687335
test/downtown_sitOnStairs_00/p01/f01300,163.694477,142.794050,99.578397
test/downtown_stairs_00/p00/f00000,227.586774,184.027067,87.843663
test/downtown_stairs_00/p00/f00050,229.174895,172.982581,110.737839
test/downtown_stairs_00/p00/f00100,313.519723,256.256124,121.179086
test/downtown_stairs_00/p00/f00150,237.930221,139.848220,88.836993
test/downtown_stairs_00/p00/f00200,232.628647,158.932199,106.508822
test/downtown_stairs_00/p00/f00250,251.533314,173.364491,109.885599
test/downtown_stairs_00/p00/f00300,243.381957,163.917991,96.566211
test/downtown_stairs_00/p00/f00350,252.756771,166.306704,134.851939
test/downtown_stairs_00/p00/f00400,249.559638,140.507176,93.383383
test/downtown_stairs_00/p00/f00450,291.340368,184.957994,91.686241
test/downtown_stairs_00/p00/f00500,310.725060,220.047047,120.594360
test/downtown_stairs_00/p00/f00550,294.711599,231.025508,127.949703
test/downtown_stairs_00/p00/f00600,323.316314,269.131960,170.603689
test/downtown_stairs_00/p00/f00650,304.043420,236.947222,158.945099
test/downtown_stairs_00/p00/f00700,312.393352,243.930215,127.235958
test/downtown_stairs_00/p00/f00750,302.388646,205.690400,85.812862
test/downtown_stairs_00/p00/f00800,315.661977,228.907054,126.837849
test/downtown_stairs_00/p00/f00850,308.901873,249.983394,123.081887
test/downtown_stairs_00/p00/f00900,322.886930,246.383265,167.374385
test/downtown_stairs_00/p00/f00950,285.732743,225.865207,145.900133
test/downtown_stairs_00/p00/f01000,281.644865,200.097261,175.118661
test/downtown_stairs_00/p00/f01050,309.345312,244.369716,156.832637
test/downtown_stairs_00/p00/f01100,297.973589,227.980371,154.867647
test/downtown_stairs_00/p00/f01150,289.146619,164.769634,164.146385
test/downtown_stairs_00/p00/f01200,212.725305,140.507243,76.436752
test/downtown_upstairs_00/p00/f00000,193.286106,178.182359,79.699889
test/downtown_upstairs_00/p00/f00050,188.903103,181.364078,129.457253
test/downtown_upstairs_00/p00/f00100,183.809107,180.541604,99.689420
test/downtown_upstairs_00/p00/f00150,151.139353,151.239261,94.118602
test/downtown_upstairs_00/p00/f00200,138.953597,137.994923,87.374399
test/downtown_upstairs_00/p00/f00250,139.467473,128.900643,65.957077
test/downtown_upstairs_00/p00/f00300,177.971716,168.172345,98.330364
test/downtown_upstairs_00/p00/f00350,198.088464,185.414825,74.046426
test/downtown_upstairs_00/p00/f00400,247.192279,218.501457,158.890006
test/downtown_upstairs_00/p00/f00450,295.255846,278.014695,190.397899
test/downtown_upstairs_00/p00/f00500,223.644369,199.123063,107.094049
test/downtown_upstairs_00/p00/f00550,177.408155,160.473464,85.458809
test/downtown_upstairs_00/p00/f00600,159.352444,150.706756,107.921668
test/downtown_upstairs_00/p00/f00650,170.175879,169.813191,110.537139
test/downtown_upstairs_00/p00/f00700,225.076609,224.433108,174.575255
test/downtown_upstairs_00/p00/f00800,188.896243,184.028699,124.989579
test/downtown_walkBridge_01/p00/f00000,170.168354,139.810510,85.270518
test/downtown_walkBridge_01/p00/f00050,158.216811,136.269442,88.624401
test/downtown_walkBridge_01/p00/f00100,133.646854,124.691395,77.259055
test/downtown_walkBridge_01/p00/f00150,161.765182,163.148103,117.138746
test/downtown_walkBridge_01/p00/f00200,165.533210,164.574882,117.536827
test/downtown_walkBridge_01/p00/f00250,186.070187,183.045405,141.997897
test/downtown_walkBridge_01/p00/f00300,146.264525,144.161657,81.490567
test/downtown_walkBridge_01/p00/f00350,189.977780,186.851035,127.204607
test/downtown_walkBridge_01/p00/f00400,168.313268,163.915008,95.345841
test/downtown_walkBridge_01/p00/f00450,159.997373,158.284450,103.935781
test/downtown_walkBridge_01/p00/f00500,138.891329,138.815769,90.469213
test/downtown_walkBridge_01/p00/f00600,146.288518,145.335422,109.776784
test/downtown_walkBridge_01/p00/f00650,157.605008,157.100266,118.603604
test/downtown_walkBridge_01/p00/f00700,119.336706,118.807386,70.449210
test/downtown_walkBridge_01/p00/f00800,160.130466,158.438623,98.598496
test/downtown_walkBridge_01/p00/f00850,125.686168,122.775727,86.996827
test/downtown_walkBridge_01/p00/f00900,122.688251,120.612625,80.094950
test/downtown_walkBridge_01/p00/f00950,156.427757,156.492293,106.115665
test/downtown_walkBridge_01/p00/f01000,154.496640,151.866974,115.066795
test/downtown_walkBridge_01/p00/f01050,185.331618,179.980743,144.273179
test/downtown_walkBridge_01/p00/f01100,194.365176,185.927200,130.617713
test/downtown_walkBridge_01/p00/f01150,156.299622,152.710678,115.703731
test/downtown_walkBridge_01/p00/f01200,192.315499,192.002778,154.295056
test/downtown_walkBridge_01/p00/f01350,148.726259,148.707004,102.851005
test/downtown_walkUphill_00/p00/f00000,272.363084,201.049671,97.579463
test/downtown_walkUphill_00/p00/f00050,271.057655,188.312998,151.741715
test/downtown_walkUphill_00/p00/f00100,219.672177,150.545082,119.460699
test/downtown_walkUphill_00/p00/f00150,204.783541,168.413114,126.121971
test/downtown_walkUphill_00/p00/f00200,232.478184,231.533633,146.717921
test/downtown_walkUphill_00/p00/f00250,213.640743,209.114935,162.914924
test/downtown_walkUphill_00/p00/f00300,146.261637,144.464149,87.611750
test/downtown_walkUphill_00/p00/f00350,143.548646,112.806563,72.862489
test/downtown_walking_00/p00/f00000,178.244455,134.784156,78.738654
test/downtown_walking_00/p00/f00050,191.859051,154.725124,105.317074
test/downtown_walking_00/p00/f00100,153.651042,136.567758,82.550718
test/downtown_walking_00/p00/f00150,153.506886,154.774145,97.847190
test/downtown_walking_00/p00/f00200,184.016977,187.123722,122.815649
test/downtown_walking_00/p00/f00250,226.919127,211.350162,120.225386
test/downtown_walking_00/p00/f00300,195.539341,189.187156,108.318094
test/downtown_walking_00/p00/f00350,168.428893,160.634099,87.129726
test/downtown_walking_00/p00/f00400,164.649164,154.707349,92.390673
test/downtown_walking_00/p00/f00450,156.151042,147.048664,88.719164
test/downtown_walking_00/p00/f00500,159.428241,147.148899,80.162801
test/downtown_walking_00/p00/f00550,152.214082,136.691073,80.272844
test/downtown_walking_00/p00/f00600,150.584603,137.872738,75.565695
test/downtown_walking_00/p00/f00650,155.769180,149.519142,105.993900
test/downtown_walking_00/p00/f00700,163.153121,161.623654,95.577361
test/downtown_walking_00/p00/f00750,172.012753,174.961219,144.550905
test/downtown_walking_00/p00/f00800,142.020302,141.677319,91.844393
test/downtown_walking_00/p00/f00850,188.207471,186.200210,99.842897
test/downtown_walking_00/p00/f00900,193.279523,183.455122,127.679174
test/downtown_walking_00/p00/f00950,186.593376,170.061780,121.325260
test/downtown_walking_00/p00/f01000,180.860885,154.776112,104.694453
test/downtown_walking_00/p00/f01050,185.838590,151.481409,109.015660
test/downtown_walking_00/p00/f01100,199.790332,148.967071,108.155101
test/downtown_walking_00/p00/f01150,177.677190,118.593284,94.633475
test/downtown_walking_00/p00/f01200,180.054258,122.033912,81.060608
test/downtown_walking_00/p00/f01250,181.892736,139.782316,74.502099
test/downtown_walking_00/p00/f01300,157.090255,108.389634,60.357552
test/downtown_walking_00/p00/f01350,162.615401,128.001843,69.134969
test/downtown_walking_00/p01/f00000,217.283128,170.071758,106.225117
test/downtown_walking_00/p01/f00050,210.932683,165.327786,125.464703
test/downtown_walking_00/p01/f00100,200.963729,141.177503,117.630529
test/downtown_walking_00/p01/f00150,177.543655,151.374499,113.051794
test/downtown_walking_00/p01/f00200,196.191711,163.026234,121.680455
test/downtown_walking_00/p01/f00250,159.665327,146.111075,106.727852
test/downtown_walking_00/p01/f00300,166.080545,140.191954,101.732661
test/downtown_walking_00/p01/f00350,157.541208,134.190231,105.168224
test/downtown_walking_00/p01/f00400,187.212855,179.462158,153.567469
test/downtown_walking_00/p01/f00450,190.995067,176.600429,150.818842
test/downtown_walking_00/p01/f00500,166.713606,154.898196,104.362246
test/downtown_walking_00/p01/f00550,156.925588,140.577736,95.688496
test/downtown_walking_00/p01/f00600,148.042156,140.287434,90.381372
test/downtown_walking_00/p01/f00650,155.210511,150.837304,103.777536
test/downtown_walking_00/p01/f00700,178.654943,177.251324,113.820065
test/downtown_walking_00/p01/f00750,197.462400,196.680683,86.886396
test/downtown_walking_00/p01/f00800,227.896400,227.101488,126.654324
test/downtown_walking_00/p01/f00950,231.481710,187.127790,166.585352
test/downtown_walking_00/p01/f01000,240.062886,198.195170,163.532731
test/downtown_walking_00/p01/f01050,243.262171,177.642537,149.486042
test/downtown_walking_00/p01/f01100,277.046371,224.742127,192.945073
test/downtown_walking_00/p01/f01150,267.403676,195.481035,181.604071
test/downtown_walking_00/p01/f01250,269.636839,204.886415,186.009846
test/downtown_walking_00/p01/f01300,234.089979,184.646215,156.115958
test/downtown_walking_00/p01/f01350,232.043335,178.869766,156.598685
test/downtown_warmWelcome_00/p00/f00000,164.475621,126.451812,64.962258
test/downtown_warmWelcome_00/p00/f00050,181.899970,127.508064,77.485520
test/downtown_warmWelcome_00/p00/f00100,208.807397,182.778146,119.610599
test/downtown_warmWelcome_00/p00/f00150,202.661495,173.952716,121.173840
test/downtown_warmWelcome_00/p00/f00200,188.996826,175.623802,131.173532
test/downtown_warmWelcome_00/p00/f00250,139.582703,129.120374,79.176507
test/downtown_warmWelcome_00/p00/f00300,251.537915,251.121121,151.302036
test/downtown_warmWelcome_00/p00/f00400,216.847361,215.991778,128.909520
test/downtown_warmWelcome_00/p00/f00450,162.003104,161.915258,102.923302
test/downtown_warmWelcome_00/p00/f00500,210.874372,205.983421,123.920490
test/downtown_warmWelcome_00/p00/f00550,207.057696,191.318315,115.668873
test/downtown_warmWelcome_00/p01/f00000,210.937406,188.495311,66.721631
test/downtown_warmWelcome_00/p01/f00050,250.173382,240.366395,137.742858
test/downtown_warmWelcome_00/p01/f00100,214.492464,210.332731,149.390773
test/downtown_warmWelcome_00/p01/f00150,234.066528,234.007748,147.339873
test/downtown_warmWelcome_00/p01/f00200,249.603985,248.713069,141.731516
test/downtown_warmWelcome_00/p01/f00250,276.643026,274.454599,131.000615
test/downtown_warmWelcome_00/p01/f00300,222.891209,157.587842,130.590219
test/downtown_warmWelcome_00/p01/f00400,180.845597,136.738130,78.805327
test/downtown_warmWelcome_00/p01/f00450,243.548775,214.329848,136.627160
test/downtown_warmWelcome_00/p01/f00500,222.765702,177.431844,136.544061
test/downtown_warmWelcome_00/p01/f00550,214.083984,206.438121,96.363759
test/downtown_weeklyMarket_00/p00/f00000,128.584365,132.547332,62.719721
test/downtown_weeklyMarket_00/p00/f00050,137.178467,138.097046,83.449695
test/downtown_weeklyMarket_00/p00/f00100,166.183020,167.221418,92.387747
test/downtown_weeklyMarket_00/p00/f00200,231.531502,227.595326,158.733041
test/downtown_weeklyMarket_00/p00/f00250,151.260853,151.326008,91.252683
test/downtown_weeklyMarket_00/p00/f00300,128.289543,128.266008,77.452892
test/downtown_weeklyMarket_00/p00/f00350,212.029697,212.594185,107.513620
test/downtown_weeklyMarket_00/p00/f00450,148.489479,142.940250,90.987138
test/downtown_weeklyMarket_00/p00/f00500,213.104644,205.847751,110.051952
test/downtown_weeklyMarket_00/p00/f00550,169.056740,165.526330,96.621235
test/downtown_weeklyMarket_00/p00/f00600,136.468035,136.469792,94.333510
test/downtown_weeklyMarket_00/p00/f00650,130.526541,129.525000,99.810170
test/downtown_weeklyMarket_00/p00/f00700,116.750910,116.752836,90.554442
test/downtown_weeklyMarket_00/p00/f00750,119.646592,116.657548,94.157268
test/downtown_weeklyMarket_00/p00/f00800,199.818598,200.087620,133.910784
test/downtown_weeklyMarket_00/p00/f00850,139.238795,136.169216,79.658415
test/downtown_weeklyMarket_00/p00/f00900,123.065868,116.108729,85.299430
test/downtown_weeklyMarket_00/p00/f00950,135.582053,126.867322,91.356996
test/downtown_weeklyMarket_00/p00/f01000,171.825714,160.322112,105.868084
test/downtown_weeklyMarket_00/p00/f01050,127.810260,118.295231,72.131962
test/downtown_weeklyMarket_00/p00/f01150,148.319488,149.107659,65.749011
test/downtown_windowShopping_00/p00/f00000,194.292413,164.693383,78.708395
test/downtown_windowShopping_00/p00/f00050,196.887388,162.146041,99.985547
test/downtown_windowShopping_00/p00/f00100,169.457514,130.919477,101.621100
test/downtown_windowShopping_00/p00/f00150,226.997203,211.223825,132.922541
test/downtown_windowShopping_00/p00/f00200,256.877281,244.653065,158.165836
test/downtown_windowShopping_00/p00/f00250,186.803462,156.220730,117.864508
test/downtown_windowShopping_00/p00/f00300,231.400147,217.100093,140.896046
test/downtown_windowShopping_00/p00/f00350,167.359472,129.831785,102.816786
test/downtown_windowShopping_00/p00/f00400,199.058600,195.577979,108.973650
test/downtown_windowShopping_00/p00/f00450,181.207834,178.006664,123.759601
test/downtown_windowShopping_00/p00/f00500,177.769104,172.820838,100.506290
test/downtown_windowShopping_00/p00/f00550,167.359114,167.273858,131.687448
test/downtown_windowShopping_00/p00/f00600,215.015699,215.035435,121.188023
test/downtown_windowShopping_00/p00/f00650,207.159715,207.302653,115.045979
test/downtown_windowShopping_00/p00/f00700,159.457637,157.561506,110.806163
test/downtown_windowShopping_00/p00/f00850,188.153320,187.222449,112.050977
test/downtown_windowShopping_00/p00/f00950,180.257325,170.701213,95.878907
test/downtown_windowShopping_00/p00/f01000,161.579554,153.851221,93.226169
test/downtown_windowShopping_00/p00/f01050,226.001492,214.475610,88.900224
test/downtown_windowShopping_00/p00/f01100,206.792348,187.698676,107.340674
test/downtown_windowShopping_00/p00/f01150,154.078596,146.060789,96.982367
test/downtown_windowShopping_00/p00/f01200,176.526847,148.687045,107.072135
test/downtown_windowShopping_00/p00/f01250,173.475773,117.106595,109.298089
test/downtown_windowShopping_00/p00/f01300,204.099607,114.676767,87.920777
test/downtown_windowShopping_00/p00/f01350,187.670738,157.645943,93.498995
test/downtown_windowShopping_00/p00/f01400,165.527873,111.146253,70.480668
test/downtown_windowShopping_00/p00/f01450,150.556739,98.156348,82.534801
test/downtown_windowShopping_00/p00/f01500,183.540013,183.585781,145.949649
test/downtown_windowShopping_00/p00/f01550,147.721715,134.558360,90.373871
test/downtown_windowShopping_00/p00/f01600,146.289632,142.417438,105.358939
test/downtown_windowShopping_00/p00/f01650,159.247773,158.918796,102.102210
test/downtown_windowShopping_00/p00/f01700,158.031379,155.937261,99.396437
test/downtown_windowShopping_00/p00/f01750,140.137669,130.863236,96.760482
test/downtown_windowShopping_00/p00/f01850,133.678562,107.449642,81.559272
test/downtown_windowShopping_00/p00/f01900,190.320208,176.979048,80.258047
test/flat_guitar_01/p00/f00000,175.643632,175.447214,101.772468
test/flat_guitar_01/p00/f00050,296.448784,300.689449,160.512629
test/flat_guitar_01/p00/f00100,193.541849,191.986697,124.157877
test/flat_guitar_01/p00/f00150,178.817516,174.212524,100.475383
test/flat_guitar_01/p00/f00200,192.498128,192.450233,94.812730
test/flat_guitar_01/p00/f00250,194.633921,194.283154,96.280255
test/flat_guitar_01/p00/f00300,188.727178,188.589319,92.652812
test/flat_guitar_01/p00/f00350,189.236225,189.234925,95.378465
test/flat_guitar_01/p00/f00400,187.181088,187.166535,92.942849
test/flat_guitar_01/p00/f00450,178.621466,178.655829,91.309002
test/flat_guitar_01/p00/f00500,182.860190,182.922358,96.352219
test/flat_guitar_01/p00/f00550,177.730577,177.683422,94.938423
test/flat_guitar_01/p00/f00600,182.123172,182.497804,100.162195
test/flat_guitar_01/p00/f00650,176.092763,176.221860,137.865706
test/flat_guitar_01/p00/f00700,225.409933,226.016186,177.537017
test/flat_packBags_00/p00/f00000,148.069995,146.061667,79.518055
test/flat_packBags_00/p00/f00050,132.138775,131.240839,62.842513
test/flat_packBags_00/p00/f00100,205.347738,204.380715,75.547186
test/flat_packBags_00/p00/f00150,101.285478,100.034328,74.360528
test/flat_packBags_00/p00/f00200,135.236100,135.243459,90.141237
test/flat_packBags_00/p00/f00250,227.405657,230.089189,116.546799
test/flat_packBags_00/p00/f00300,175.166626,171.272138,96.464417
test/flat_packBags_00/p00/f00350,131.516161,130.664976,81.407691
test/flat_packBags_00/p00/f00400,187.933126,187.661788,76.208686
test/flat_packBags_00/p00/f00450,111.981938,112.098889,69.579338
test/flat_packBags_00/p00/f00500,89.168066,89.102731,70.638649
test/flat_packBags_00/p00/f00550,114.854756,114.823537,61.367181
test/flat_packBags_00/p00/f00600,254.999830,256.052345,104.313038
test/flat_packBags_00/p00/f00650,264.410580,265.643641,118.002314
test/flat_packBags_00/p00/f00700,96.476227,96.290495,74.773315
test/flat_packBags_00/p00/f00750,123.266743,123.417248,76.695777
test/flat_packBags_00/p00/f00800,190.767647,191.163445,85.857684
test/flat_packBags_00/p00/f00850,100.274368,100.341986,68.556544
test/flat_packBags_00/p00/f00900,89.688830,89.150708,74.053418
test/flat_packBags_00/p00/f00950,176.330401,176.725453,87.299796
test/flat_packBags_00/p00/f01000,147.198680,147.453287,76.190688
test/flat_packBags_00/p00/f01050,138.627912,137.240454,75.533274
test/flat_packBags_00/p00/f01100,153.470447,154.767439,78.279015
test/flat_packBags_00/p00/f01150,169.568281,171.107503,88.984854
test/flat_packBags_00/p00/f01200,106.227536,106.294196,65.606875
test/flat_packBags_00/p00/f01250,191.038026,187.597391,77.362676
test/office_phoneCall_00/p00/f00000,156.103935,156.792871,110.392990
test/office_phoneCall_00/p00/f00050,249.100791,249.649938,194.932868
test/office_phoneCall_00/p00/f00100,277.975189,276.673931,194.130770
test/office_phoneCall_00/p00/f00150,207.647060,191.661472,138.859062
test/office_phoneCall_00/p00/f00200,176.455195,157.266934,127.211871
test/office_phoneCall_00/p00/f00250,224.612893,221.238416,147.886374
test/office_phoneCall_00/p00/f00300,178.714403,175.352556,143.060326
test/office_phoneCall_00/p00/f00350,175.633315,173.082197,140.059755
test/office_phoneCall_00/p00/f00400,135.418474,126.074481,90.051487
test/office_phoneCall_00/p00/f00450,195.161882,179.103975,148.571885
test/office_phoneCall_00/p00/f00500,230.698139,207.960812,155.027368
test/office_phoneCall_00/p00/f00550,239.163847,219.502804,157.258905
test/office_phoneCall_00/p00/f00600,220.957165,198.390289,116.590602
test/office_phoneCall_00/p00/f00650,185.027853,170.785785,75.260535
test/office_phoneCall_00/p00/f00700,126.393091,117.008769,54.426577
test/office_phoneCall_00/p00/f00750,133.702037,133.612721,54.430402
test/office_phoneCall_00/p00/f00800,126.093953,125.917847,55.979541
test/office_phoneCall_00/p00/f00850,131.191309,131.170677,54.478394
test/office_phoneCall_00/p01/f00000,154.077954,149.815044,76.011522
test/office_phoneCall_00/p01/f00050,215.374099,214.955462,119.955357
test/office_phoneCall_00/p01/f00100,212.458776,212.938057,188.639057
test/office_phoneCall_00/p01/f00150,169.537880,167.025040,119.352688
test/office_phoneCall_00/p01/f00200,224.907923,219.596798,158.508601
test/office_phoneCall_00/p01/f00350,219.546710,219.598417,167.936578
test/office_phoneCall_00/p01/f00400,145.575321,145.510147,92.712149
test/office_phoneCall_00/p01/f00450,110.030194,108.889445,67.127782
test/office_phoneCall_00/p01/f00500,107.771767,105.481649,64.626074
test/office_phoneCall_00/p01/f00550,105.382153,103.622796,64.199265
test/office_phoneCall_00/p01/f00600,141.344372,138.786471,76.118397
test/office_phoneCall_00/p01/f00650,228.673056,231.779914,133.396069
test/office_phoneCall_00/p01/f00700,175.269599,174.191446,91.865664
test/office_phoneCall_00/p01/f00750,223.695201,223.920149,141.382510
test/office_phoneCall_00/p01/f00800,172.556703,172.441061,95.299652
test/office_phoneCall_00/p01/f00850,181.739846,174.619259,81.264470
test/outdoors_fencing_01/p00/f00000,230.868296,161.641570,71.895713
test/outdoors_fencing_01/p00/f00050,219.559514,144.160616,97.418364
test/outdoors_fencing_01/p00/f00100,334.531464,330.346994,167.804474
test/outdoors_fencing_01/p00/f00150,272.038269,134.884843,82.985717
test/outdoors_fencing_01/p00/f00200,273.803407,144.451937,72.062305
test/outdoors_fencing_01/p00/f00250,346.553846,232.559464,220.919631
test/outdoors_fencing_01/p00/f00300,294.249022,140.755118,105.141311
test/outdoors_fencing_01/p00/f00350,309.549698,234.324711,210.664605
test/outdoors_fencing_01/p00/f00400,351.563684,288.492013,249.869467
test/outdoors_fencing_01/p00/f00450,339.575313,236.687319,195.567676
test/outdoors_fencing_01/p00/f00500,278.635555,164.930529,127.825803
test/outdoors_fencing_01/p00/f00600,355.850180,303.541573,231.491924
test/outdoors_fencing_01/p00/f00650,274.589463,151.249490,121.899814
test/outdoors_fencing_01/p00/f00700,321.572902,232.263700,168.696709
test/outdoors_fencing_01/p00/f00750,293.285813,198.979292,176.525949
test/outdoors_fencing_01/p00/f00800,247.260451,143.328524,114.837370
test/outdoors_fencing_01/p00/f00850,265.046228,204.610838,113.767456
test/outdoors_fencing_01/p00/f00900,226.647633,136.252823,85.381003
