frame,Neck,Trunk,Leg,UpperArm,LowerArm,Wrist,A,B,C,Final
0,2,3,4,2,1,2,7,2,7,7
1,2,3,4,2,1,1,7,1,7,7
2,2,3,4,2,1,2,7,2,7,7
3,2,3,4,2,1,2,7,2,7,7
4,2,3,4,2,1,2,7,2,7,7
5,2,3,4,2,1,2,7,2,7,7
6,2,3,4,2,1,2,7,2,7,7
7,2,3,4,3,1,1,7,3,7,7
8,2,3,4,2,1,2,7,2,7,7
9,2,3,4,2,1,2,7,2,7,7
10,2,3,3,2,1,2,6,2,6,6
11,2,3,3,2,1,2,6,2,6,6
12,2,3,3,2,1,2,6,2,6,6
13,2,3,3,3,1,1,6,3,6,6
14,2,3,3,3,1,1,6,3,6,6
15,2,3,3,3,1,2,6,4,7,7
16,2,3,3,3,1,1,6,3,6,6
17,2,3,3,3,1,2,6,4,7,7
18,2,3,3,3,1,2,6,4,7,7
19,2,3,3,2,1,2,6,2,6,6
20,2,3,3,3,1,2,6,4,7,7
21,2,3,3,3,1,1,6,3,6,6
22,2,3,3,2,1,2,6,2,6,6
23,2,3,3,2,1,2,6,2,6,6
24,2,3,4,2,1,2,7,2,7,7
25,2,3,3,2,1,2,6,2,6,6
26,2,3,3,2,1,2,6,2,6,6
27,2,3,3,2,1,2,6,2,6,6
28,2,3,3,2,1,1,6,1,6,6
29,2,3,3,2,1,2,6,2,6,6
30,2,3,3,2,1,1,6,1,6,6
31,2,3,3,2,1,1,6,1,6,6
32,2,3,3,2,1,1,6,1,6,6
33,2,3,4,2,1,1,7,1,7,7
34,2,3,4,2,1,1,7,1,7,7
35,2,3,4,2,1,1,7,1,7,7
36,2,3,3,2,1,2,6,2,6,6
37,2,3,3,2,1,2,6,2,6,6
38,2,3,3,2,1,2,6,2,6,6
39,2,3,3,2,1,2,6,2,6,6
40,2,3,3,2,1,2,6,2,6,6
41,2,3,3,2,1,2,6,2,6,6
42,2,3,3,2,1,2,6,2,6,6
43,2,3,3,2,1,2,6,2,6,6
44,2,3,3,2,1,2,6,2,6,6
45,2,3,3,2,1,2,6,2,6,6
46,2,3,3,2,1,2,6,2,6,6
47,2,3,3,2,1,2,6,2,6,6
48,2,3,3,2,1,2,6,2,6,6
49,2,3,3,2,1,2,6,2,6,6
50,2,3,3,2,1,2,6,2,6,6
51,2,3,3,2,1,2,6,2,6,6
52,2,3,3,2,1,2,6,2,6,6
53,2,3,3,2,1,2,6,2,6,6
54,2,3,4,2,1,2,7,2,7,7
55,2,3,3,2,1,2,6,2,6,6
56,2,3,3,2,1,2,6,2,6,6
57,2,3,3,2,1,2,6,2,6,6
58,2,3,3,2,1,2,6,2,6,6
59,2,3,4,2,1,2,7,2,7,7
60,2,3,4,2,1,2,7,2,7,7
61,2,3,4,2,1,2,7,2,7,7
62,2,3,3,2,1,2,6,2,6,6
63,2,3,3,2,1,2,6,2,6,6
64,2,3,3,2,1,2,6,2,6,6
65,2,3,3,2,1,2,6,2,6,6
66,2,3,3,2,1,2,6,2,6,6
67,2,3,4,2,1,2,7,2,7,7
68,2,3,3,2,1,2,6,2,6,6
69,2,3,3,2,1,2,6,2,6,6
70,2,3,3,2,1,2,6,2,6,6
71,2,3,3,2,1,2,6,2,6,6
72,2,3,3,2,1,2,6,2,6,6
73,2,3,3,2,1,2,6,2,6,6
74,2,3,3,2,1,2,6,2,6,6
75,2,3,3,2,1,2,6,2,6,6
76,2,3,3,2,1,2,6,2,6,6
77,2,3,3,2,1,2,6,2,6,6
78,2,3,3,2,1,2,6,2,6,6
79,2,3,3,2,1,2,6,2,6,6
80,2,3,3,2,1,2,6,2,6,6
81,2,3,3,2,1,2,6,2,6,6
82,2,3,3,2,1,2,6,2,6,6
83,2,3,3,2,1,2,6,2,6,6
84,2,3,3,2,1,2,6,2,6,6
85,2,3,3,2,1,2,6,2,6,6
86,2,3,3,2,1,2,6,2,6,6
87,2,3,3,2,1,2,6,2,6,6
88,2,3,3,2,1,2,6,2,6,6
89,2,3,3,2,1,2,6,2,6,6
90,2,3,3,2,1,2,6,2,6,6
91,2,3,3,2,1,2,6,2,6,6
92,2,3,3,2,1,2,6,2,6,6
93,2,3,4,2,1,2,7,2,7,7
94,2,3,4,3,1,2,7,4,8,8
95,2,3,3,3,1,2,6,4,7,7
96,2,3,4,3,1,1,7,3,7,7
97,2,3,4,3,1,1,7,3,7,7
98,2,3,4,3,1,1,7,3,7,7
99,2,3,4,3,1,1,7,3,7,7
100,2,3,4,3,1,1,7,3,7,7
101,2,3,3,3,1,1,6,3,6,6
102,2,3,4,3,1,1,7,3,7,7
103,2,3,4,2,1,2,7,2,7,7
104,2,3,4,2,1,1,7,1,7,7
105,2,3,4,2,1,2,7,2,7,7
106,2,3,4,2,1,2,7,2,7,7
107,2,3,4,2,1,2,7,2,7,7
108,2,3,3,2,1,1,6,1,6,6
109,2,3,3,2,1,2,6,2,6,6
110,2,3,3,2,1,2,6,2,6,6
111,2,3,4,2,1,1,7,1,7,7
112,2,3,3,2,1,2,6,2,6,6
113,2,3,3,2,1,1,6,1,6,6
114,2,3,3,2,1,1,6,1,6,6
115,2,3,3,2,1,1,6,1,6,6
116,2,3,3,2,1,1,6,1,6,6
117,2,3,3,2,1,1,6,1,6,6
118,2,3,3,2,1,1,6,1,6,6
119,2,3,3,2,1,1,6,1,6,6
120,2,3,3,2,1,1,6,1,6,6
121,2,3,3,2,1,1,6,1,6,6
122,2,3,4,2,1,1,7,1,7,7
123,2,3,4,2,1,1,7,1,7,7
124,2,3,3,2,1,1,6,1,6,6
125,2,3,3,3,1,1,6,3,6,6
126,2,3,3,3,1,1,6,3,6,6
127,2,3,4,2,1,2,7,2,7,7
128,2,3,3,2,1,1,6,1,6,6
129,2,3,4,2,1,1,7,1,7,7
130,2,3,3,2,1,2,6,2,6,6
131,2,3,3,2,1,2,6,2,6,6
132,2,3,3,2,1,2,6,2,6,6
133,2,3,3,2,1,2,6,2,6,6
134,2,3,3,3,1,1,6,3,6,6
135,2,3,3,3,1,1,6,3,6,6
136,2,3,4,2,1,2,7,2,7,7
137,2,3,4,2,1,2,7,2,7,7
138,2,3,4,2,1,2,7,2,7,7
139,2,3,4,2,1,2,7,2,7,7
140,2,3,4,2,1,2,7,2,7,7
141,2,3,4,3,1,2,7,4,8,8
142,2,3,4,3,1,2,7,4,8,8
143,2,3,4,3,1,2,7,4,8,8
144,2,3,4,3,1,2,7,4,8,8
145,2,3,3,3,1,1,6,3,6,6
146,2,3,3,3,1,1,6,3,6,6
147,2,3,4,3,1,2,7,4,8,8
148,2,3,4,3,1,1,7,3,7,7
149,2,3,3,2,1,2,6,2,6,6
150,2,3,3,2,1,2,6,2,6,6
151,2,3,3,3,1,2,6,4,7,7
152,2,3,3,2,1,2,6,2,6,6
153,2,3,3,2,1,2,6,2,6,6
154,2,3,3,2,1,2,6,2,6,6
155,2,3,3,2,1,1,6,1,6,6
156,2,3,3,3,1,1,6,3,6,6
157,2,3,4,3,1,1,7,3,7,7
158,2,3,4,3,1,1,7,3,7,7
159,2,3,3,2,1,2,6,2,6,6
160,2,3,4,3,1,1,7,3,7,7
161,2,3,4,2,1,2,7,2,7,7
162,2,3,4,2,1,1,7,1,7,7
163,2,3,4,2,1,2,7,2,7,7
164,2,3,4,2,1,2,7,2,7,7
165,2,3,4,2,1,2,7,2,7,7
166,2,3,3,2,1,2,6,2,6,6
167,2,3,3,3,1,1,6,3,6,6
168,2,3,3,2,1,2,6,2,6,6
169,2,3,3,3,1,1,6,3,6,6
170,2,3,3,2,1,2,6,2,6,6
171,2,3,3,2,1,2,6,2,6,6
172,2,3,3,2,1,2,6,2,6,6
173,2,3,3,3,1,1,6,3,6,6
174,2,3,3,3,1,1,6,3,6,6
175,2,3,3,2,1,2,6,2,6,6
176,2,3,3,2,1,2,6,2,6,6
177,2,3,3,2,1,2,6,2,6,6
178,2,3,3,2,1,2,6,2,6,6
179,2,3,3,2,1,2,6,2,6,6
180,2,3,3,2,1,2,6,2,6,6
181,2,3,3,2,1,2,6,2,6,6
182,2,3,3,2,1,1,6,1,6,6
183,2,3,3,2,1,1,6,1,6,6
184,2,3,3,2,1,1,6,1,6,6
185,2,3,3,2,1,1,6,1,6,6
186,2,3,3,2,1,2,6,2,6,6
187,2,3,3,2,1,1,6,1,6,6
188,2,3,3,2,1,2,6,2,6,6
189,2,3,3,2,1,2,6,2,6,6
190,2,3,3,3,1,1,6,3,6,6
191,2,3,3,3,1,1,6,3,6,6
192,2,3,3,3,1,2,6,4,7,7
193,2,3,3,2,1,2,6,2,6,6
194,2,3,3,2,1,2,6,2,6,6
195,2,3,3,2,1,2,6,2,6,6
196,2,3,3,2,1,2,6,2,6,6
197,2,3,4,2,1,2,7,2,7,7
198,2,3,3,2,1,2,6,2,6,6
199,2,3,3,2,1,2,6,2,6,6
200,2,3,3,2,1,2,6,2,6,6
201,2,3,3,2,1,1,6,1,6,6
202,2,3,3,3,1,2,6,4,7,7
203,2,3,3,2,1,2,6,2,6,6
204,2,3,3,2,1,2,6,2,6,6
205,2,3,3,2,1,2,6,2,6,6
206,2,3,3,3,2,2,6,5,8,8
207,2,3,3,2,2,2,6,3,6,6
208,2,3,3,2,1,1,6,1,6,6
209,2,3,3,2,1,1,6,1,6,6
210,2,3,3,2,1,2,6,2,6,6
211,2,3,3,2,1,2,6,2,6,6
212,2,3,3,2,1,2,6,2,6,6
213,2,3,3,2,1,1,6,1,6,6
214,2,3,3,2,1,2,6,2,6,6
215,2,3,3,2,1,2,6,2,6,6
216,2,3,3,3,1,2,6,4,7,7
217,2,3,3,2,1,2,6,2,6,6
218,2,3,3,2,1,2,6,2,6,6
219,2,3,3,2,1,2,6,2,6,6
220,2,3,3,2,1,2,6,2,6,6
221,2,3,3,2,1,2,6,2,6,6
222,2,3,3,2,1,2,6,2,6,6
223,2,3,3,2,1,2,6,2,6,6
224,2,3,3,2,1,2,6,2,6,6
225,2,3,3,2,1,2,6,2,6,6
226,2,3,3,2,1,2,6,2,6,6
227,2,3,3,2,1,2,6,2,6,6
228,2,3,3,2,1,2,6,2,6,6
229,2,3,3,2,1,2,6,2,6,6
230,2,3,3,2,2,2,6,3,6,6
231,2,3,3,2,1,1,6,1,6,6
232,2,3,3,2,1,1,6,1,6,6
233,2,3,3,2,1,2,6,2,6,6
234,2,3,3,2,1,2,6,2,6,6
235,2,3,3,2,1,2,6,2,6,6
236,2,3,3,2,1,2,6,2,6,6
237,2,3,3,2,1,2,6,2,6,6
238,2,3,3,2,1,2,6,2,6,6
239,2,3,3,2,1,2,6,2,6,6
240,2,3,3,2,1,2,6,2,6,6
241,2,3,3,2,1,2,6,2,6,6
242,2,3,3,3,1,1,6,3,6,6
243,2,3,3,2,1,2,6,2,6,6
244,2,3,3,3,1,2,6,4,7,7
245,2,3,3,2,1,2,6,2,6,6
246,2,3,3,2,1,2,6,2,6,6
247,2,3,3,2,1,2,6,2,6,6
248,2,3,3,2,1,2,6,2,6,6
249,2,3,3,2,1,2,6,2,6,6
250,2,3,3,2,1,2,6,2,6,6
251,2,3,3,2,1,1,6,1,6,6
252,2,3,3,2,1,2,6,2,6,6
253,2,3,3,3,1,2,6,4,7,7
254,2,3,3,3,1,2,6,4,7,7
255,2,3,3,3,1,2,6,4,7,7
256,2,3,3,3,1,2,6,4,7,7
257,2,3,3,3,1,2,6,4,7,7
258,2,3,3,2,2,1,6,2,6,6
259,2,3,3,2,2,1,6,2,6,6
260,2,3,4,2,2,1,7,2,7,7
261,3,3,4,2,2,1,8,2,8,8
262,3,3,4,2,2,1,8,2,8,8
263,3,3,4,2,2,2,8,3,8,8
264,2,3,4,2,2,2,7,3,7,7
265,2,3,4,2,2,2,7,3,7,7
266,2,3,4,2,2,1,7,2,7,7
267,2,3,4,2,2,1,7,2,7,7
268,2,3,3,2,2,1,6,2,6,6
269,2,3,4,2,2,1,7,2,7,7
270,2,3,4,2,2,1,7,2,7,7
271,2,3,4,2,2,2,7,3,7,7
272,2,3,4,2,2,1,7,2,7,7
273,2,3,3,2,2,1,6,2,6,6
274,2,3,3,2,2,1,6,2,6,6
275,2,3,3,2,2,2,6,3,6,6
276,2,3,3,2,2,2,6,3,6,6
277,2,3,3,2,1,2,6,2,6,6
278,3,3,3,2,1,2,7,2,7,7
279,2,3,3,2,1,2,6,2,6,6
280,2,3,3,1,1,2,6,2,6,6
281,2,3,3,1,1,2,6,2,6,6
282,2,3,3,1,2,2,6,2,6,6
283,2,3,3,1,1,2,6,2,6,6
284,2,3,3,1,2,2,6,2,6,6
285,2,3,3,1,1,2,6,2,6,6
286,2,3,3,1,1,2,6,2,6,6
287,2,3,3,1,2,2,6,2,6,6
288,1,3,3,1,2,2,5,2,4,4
289,1,3,2,1,2,2,4,2,4,4
290,2,3,3,1,2,2,6,2,6,6
291,1,2,4,1,2,1,5,1,4,4
292,1,2,4,1,2,2,5,2,4,4
293,1,2,4,1,2,2,5,2,4,4
294,1,2,4,1,2,2,5,2,4,4
295,1,2,4,1,2,2,5,2,4,4
296,1,2,4,1,2,2,5,2,4,4
297,1,2,4,1,2,2,5,2,4,4
298,1,2,4,1,2,2,5,2,4,4
299,1,2,4,1,2,2,5,2,4,4
300,1,2,4,1,2,2,5,2,4,4
301,1,2,4,1,2,2,5,2,4,4
302,1,2,3,1,2,2,4,2,4,4
303,1,2,2,1,2,2,3,2,3,3
304,1,2,2,1,2,2,3,2,3,3
305,1,2,2,1,2,2,3,2,3,3
306,1,2,1,1,2,1,2,1,1,1
307,1,2,1,1,2,1,2,1,1,1
308,1,2,1,1,2,1,2,1,1,1
309,1,2,1,1,2,1,2,1,1,1
310,1,1,1,1,2,1,1,1,1,1
311,1,1,1,1,2,1,1,1,1,1
312,1,1,2,1,2,1,2,1,1,1
313,1,1,3,1,2,1,3,1,2,2
314,1,1,3,1,2,1,3,1,2,2
315,1,1,4,1,2,1,4,1,3,3
316,1,2,4,1,2,1,5,1,4,4
317,1,2,4,1,2,1,5,1,4,4
318,1,2,4,1,2,1,5,1,4,4
319,1,2,4,1,2,1,5,1,4,4
320,1,2,4,1,2,2,5,2,4,4
321,1,2,4,1,2,2,5,2,4,4
322,1,2,4,1,2,2,5,2,4,4
323,1,2,4,1,2,2,5,2,4,4
324,1,2,3,1,2,2,4,2,4,4
325,1,2,3,1,1,2,4,2,4,4
326,1,2,3,1,1,2,4,2,4,4
327,1,2,4,1,1,2,5,2,4,4
328,2,2,4,1,1,2,6,2,6,6
329,2,2,4,1,1,2,6,2,6,6
330,2,2,4,1,1,2,6,2,6,6
331,2,2,4,1,1,2,6,2,6,6
332,1,2,4,1,1,2,5,2,4,4
333,1,2,4,1,1,2,5,2,4,4
334,1,2,4,1,1,2,5,2,4,4
335,1,2,4,1,1,2,5,2,4,4
336,1,3,4,1,1,2,6,2,6,6
337,1,3,4,1,1,2,6,2,6,6
338,1,3,4,1,1,2,6,2,6,6
339,1,3,4,1,1,2,6,2,6,6
340,1,3,4,2,1,2,6,2,6,6
341,1,3,4,2,1,2,6,2,6,6
342,1,3,4,2,1,2,6,2,6,6
343,1,3,4,2,1,2,6,2,6,6
344,1,3,4,2,1,2,6,2,6,6
345,1,3,4,2,1,2,6,2,6,6
346,1,3,4,2,2,2,6,3,6,6
347,1,3,4,2,2,2,6,3,6,6
348,1,3,4,2,1,1,6,1,6,6
349,1,3,4,2,2,2,6,3,6,6
350,1,3,4,2,2,2,6,3,6,6
351,1,3,4,2,1,2,6,2,6,6
352,1,3,4,2,2,2,6,3,6,6
353,1,3,4,2,2,2,6,3,6,6
354,1,3,4,2,2,1,6,2,6,6
355,1,3,4,2,2,1,6,2,6,6
356,1,3,4,2,2,2,6,3,6,6
357,1,3,4,2,2,2,6,3,6,6
358,1,3,4,2,2,1,6,2,6,6
359,2,3,4,2,2,2,7,3,7,7
360,2,3,4,2,2,1,7,2,7,7
361,2,3,4,3,2,1,7,4,8,8
362,2,3,4,2,2,1,7,2,7,7
363,2,3,4,2,2,2,7,3,7,7
364,2,3,4,2,2,1,7,2,7,7
365,2,3,4,2,2,2,7,3,7,7
366,2,3,4,2,2,2,7,3,7,7
367,2,3,4,2,2,2,7,3,7,7
368,2,3,4,2,2,2,7,3,7,7
369,2,3,4,2,2,2,7,3,7,7
370,2,3,4,2,2,2,7,3,7,7
371,2,3,4,2,2,2,7,3,7,7
372,2,3,4,2,2,1,7,2,7,7
373,2,3,4,2,2,2,7,3,7,7
374,2,3,4,2,2,1,7,2,7,7
375,2,3,4,2,2,1,7,2,7,7
376,2,3,4,2,2,2,7,3,7,7
377,2,3,4,2,2,2,7,3,7,7
378,2,3,4,2,2,1,7,2,7,7
379,2,3,4,2,2,1,7,2,7,7
380,2,3,4,2,2,2,7,3,7,7
381,2,3,4,2,2,1,7,2,7,7
382,2,3,4,2,2,1,7,2,7,7
383,2,3,4,2,2,1,7,2,7,7
384,2,3,4,2,2,1,7,2,7,7
385,2,3,4,2,2,1,7,2,7,7
386,2,3,4,2,2,1,7,2,7,7
387,2,3,4,2,2,1,7,2,7,7
388,2,3,4,2,2,1,7,2,7,7
389,2,3,4,2,2,1,7,2,7,7
390,2,3,4,2,2,2,7,3,7,7
391,2,3,4,2,2,2,7,3,7,7
392,2,3,4,2,2,2,7,3,7,7
393,2,3,4,2,2,1,7,2,7,7
394,2,3,4,2,2,2,7,3,7,7
395,2,3,4,2,2,2,7,3,7,7
396,2,3,4,2,2,2,7,3,7,7
397,2,3,4,2,2,2,7,3,7,7
398,2,3,4,2,2,2,7,3,7,7
399,2,3,4,2,2,2,7,3,7,7
400,2,3,4,2,2,2,7,3,7,7
401,2,3,4,2,2,1,7,2,7,7
402,2,3,4,2,2,1,7,2,7,7
403,2,3,4,2,2,1,7,2,7,7
404,2,3,4,2,2,1,7,2,7,7
405,2,3,4,2,2,1,7,2,7,7
406,2,3,4,2,2,1,7,2,7,7
407,2,3,4,2,2,1,7,2,7,7
408,2,3,4,2,2,1,7,2,7,7
409,2,3,4,2,2,1,7,2,7,7
410,2,3,4,2,2,1,7,2,7,7
411,2,3,4,2,2,1,7,2,7,7
412,2,3,4,2,2,1,7,2,7,7
413,2,3,4,2,2,2,7,3,7,7
414,2,3,4,2,2,1,7,2,7,7
415,2,3,4,2,2,2,7,3,7,7
416,2,3,4,2,2,1,7,2,7,7
417,2,3,4,2,2,2,7,3,7,7
418,2,3,4,2,2,1,7,2,7,7
419,2,3,4,2,2,1,7,2,7,7
420,2,3,4,2,2,2,7,3,7,7
421,2,3,4,2,2,2,7,3,7,7
422,2,3,4,2,2,2,7,3,7,7
423,2,3,4,2,2,2,7,3,7,7
424,2,3,4,2,2,2,7,3,7,7
425,2,3,4,2,2,2,7,3,7,7
426,2,3,4,2,2,2,7,3,7,7
427,2,3,4,2,2,2,7,3,7,7
428,2,3,4,2,2,2,7,3,7,7
429,2,3,4,2,2,1,7,2,7,7
430,2,3,4,2,2,1,7,2,7,7
431,2,3,4,2,2,2,7,3,7,7
432,2,3,4,2,2,1,7,2,7,7
433,2,3,4,2,2,2,7,3,7,7
434,2,3,4,2,2,2,7,3,7,7
435,2,3,4,2,2,2,7,3,7,7
436,2,3,4,2,2,2,7,3,7,7
437,2,3,4,2,2,2,7,3,7,7
438,2,3,4,2,2,2,7,3,7,7
439,2,3,4,2,2,2,7,3,7,7
440,2,3,4,2,2,2,7,3,7,7
441,2,3,4,2,2,2,7,3,7,7
442,2,3,4,2,2,2,7,3,7,7
443,2,3,4,2,2,2,7,3,7,7
444,2,3,4,2,2,2,7,3,7,7
445,2,3,4,3,2,2,7,5,9,9
446,2,3,4,2,2,2,7,3,7,7
447,2,3,4,3,2,2,7,5,9,9
448,2,3,4,3,2,2,7,5,9,9
449,2,3,4,3,2,2,7,5,9,9
450,2,3,4,3,2,2,7,5,9,9
451,2,3,4,3,2,2,7,5,9,9
452,2,3,4,3,2,1,7,4,8,8
453,2,3,4,3,1,1,7,3,7,7
454,2,3,4,3,1,1,7,3,7,7
455,2,3,4,3,2,1,7,4,8,8
456,2,3,4,3,2,2,7,5,9,9
457,2,3,4,3,2,2,7,5,9,9
458,2,3,4,3,2,2,7,5,9,9
459,2,3,4,3,1,2,7,4,8,8
460,2,3,4,3,1,2,7,4,8,8
461,2,3,4,3,2,2,7,5,9,9
462,2,3,4,3,1,2,7,4,8,8
463,2,3,4,3,2,2,7,5,9,9
464,2,3,4,3,2,2,7,5,9,9
465,2,3,4,3,2,2,7,5,9,9
466,2,3,4,3,2,2,7,5,9,9
467,2,3,4,3,2,2,7,5,9,9
468,2,3,4,3,2,2,7,5,9,9
469,2,3,4,3,2,2,7,5,9,9
470,2,3,4,3,2,1,7,4,8,8
471,2,3,4,3,2,2,7,5,9,9
472,2,3,4,3,2,1,7,4,8,8
473,2,3,4,3,2,2,7,5,9,9
474,2,3,4,3,2,2,7,5,9,9
475,2,3,4,3,2,2,7,5,9,9
476,2,3,4,3,2,2,7,5,9,9
477,2,3,4,3,2,2,7,5,9,9
478,2,3,4,3,2,2,7,5,9,9
479,2,3,4,3,2,2,7,5,9,9
480,2,3,4,3,2,2,7,5,9,9
481,2,3,4,3,2,2,7,5,9,9
482,2,3,4,3,1,2,7,4,8,8
483,2,3,4,3,1,2,7,4,8,8
484,2,3,4,3,1,2,7,4,8,8
485,2,3,4,3,1,2,7,4,8,8
486,2,3,4,3,1,2,7,4,8,8
487,2,3,4,3,1,2,7,4,8,8
488,2,3,4,3,2,2,7,5,9,9
489,2,3,4,3,2,2,7,5,9,9
490,2,3,4,3,2,2,7,5,9,9
491,2,3,4,3,2,2,7,5,9,9
492,2,3,4,3,2,1,7,4,8,8
493,2,3,4,3,2,2,7,5,9,9
494,2,3,4,3,2,2,7,5,9,9
495,2,3,4,3,2,2,7,5,9,9
496,2,3,4,3,2,2,7,5,9,9
497,2,3,4,3,2,2,7,5,9,9
498,2,3,4,3,2,2,7,5,9,9
499,2,3,4,3,2,1,7,4,8,8
500,2,3,4,3,2,1,7,4,8,8
501,2,3,4,3,2,1,7,4,8,8
502,2,3,4,3,2,1,7,4,8,8
503,2,3,4,3,2,1,7,4,8,8
504,2,3,4,3,2,1,7,4,8,8
505,2,3,4,3,2,2,7,5,9,9
506,2,3,4,3,2,1,7,4,8,8
507,2,3,4,3,2,1,7,4,8,8
508,2,3,4,3,2,2,7,5,9,9
509,2,3,4,3,2,2,7,5,9,9
510,2,3,4,3,2,1,7,4,8,8
511,2,3,4,3,2,1,7,4,8,8
512,2,3,4,3,2,2,7,5,9,9
513,2,3,4,3,2,1,7,4,8,8
514,2,3,4,3,2,2,7,5,9,9
515,2,3,4,3,2,2,7,5,9,9
516,2,3,4,3,2,2,7,5,9,9
517,2,3,4,3,2,2,7,5,9,9
518,2,3,4,3,2,2,7,5,9,9
519,2,3,4,3,2,1,7,4,8,8
520,2,3,4,3,2,2,7,5,9,9
521,2,3,4,3,2,2,7,5,9,9
522,2,3,4,3,2,2,7,5,9,9
523,2,3,4,3,2,2,7,5,9,9
524,2,3,4,3,2,2,7,5,9,9
525,2,3,4,3,2,2,7,5,9,9
526,2,3,4,3,2,2,7,5,9,9
527,2,3,4,3,2,2,7,5,9,9
528,2,3,4,3,2,2,7,5,9,9
529,2,3,4,3,2,2,7,5,9,9
530,2,3,4,3,2,2,7,5,9,9
531,2,3,4,3,2,2,7,5,9,9
532,2,3,4,3,2,2,7,5,9,9
533,2,3,4,3,2,2,7,5,9,9
534,2,3,4,3,2,2,7,5,9,9
535,2,3,4,3,2,1,7,4,8,8
536,2,3,4,3,2,1,7,4,8,8
537,2,3,4,3,2,2,7,5,9,9
538,2,3,4,3,2,2,7,5,9,9
539,2,3,4,3,2,2,7,5,9,9
540,2,3,4,2,2,2,7,3,7,7
541,2,3,4,2,2,2,7,3,7,7
542,2,3,4,3,2,2,7,5,9,9
543,2,3,4,2,2,2,7,3,7,7
544,2,3,4,2,2,2,7,3,7,7
545,2,3,4,2,2,1,7,2,7,7
546,2,3,4,2,2,1,7,2,7,7
547,2,3,4,2,2,1,7,2,7,7
548,2,3,4,3,2,1,7,4,8,8
549,2,3,4,3,1,2,7,4,8,8
550,2,3,4,3,2,2,7,5,9,9
551,2,3,4,2,2,2,7,3,7,7
552,2,3,4,2,1,1,7,1,7,7
553,2,3,4,2,1,1,7,1,7,7
554,2,3,4,2,1,1,7,1,7,7
555,2,3,4,3,1,1,7,3,7,7
556,2,3,4,3,1,1,7,3,7,7
557,2,3,4,3,1,1,7,3,7,7
558,2,3,4,3,1,1,7,3,7,7
559,2,3,4,3,2,1,7,4,8,8
560,2,3,4,3,2,1,7,4,8,8
561,2,3,4,3,1,1,7,3,7,7
562,2,3,4,3,1,1,7,3,7,7
563,2,3,4,3,1,1,7,3,7,7
564,2,3,4,3,1,1,7,3,7,7
565,2,3,4,3,2,1,7,4,8,8
566,2,3,4,3,1,1,7,3,7,7
567,2,3,4,3,1,1,7,3,7,7
568,2,3,4,3,1,1,7,3,7,7
569,2,3,4,3,1,1,7,3,7,7
570,2,3,4,3,2,1,7,4,8,8
571,2,3,4,3,2,1,7,4,8,8
572,2,3,4,3,1,1,7,3,7,7
573,2,3,4,3,1,1,7,3,7,7
574,2,3,4,3,1,1,7,3,7,7
575,2,3,4,3,1,1,7,3,7,7
576,2,3,4,3,1,1,7,3,7,7
577,2,3,4,3,1,1,7,3,7,7
578,2,3,4,3,1,1,7,3,7,7
579,2,3,4,3,1,1,7,3,7,7
580,2,3,4,3,1,1,7,3,7,7
581,2,3,4,2,1,1,7,1,7,7
582,2,3,4,2,1,1,7,1,7,7
583,2,3,4,2,1,1,7,1,7,7
584,2,3,4,2,1,1,7,1,7,7
585,2,3,4,2,1,1,7,1,7,7
586,2,3,4,3,1,1,7,3,7,7
587,2,3,4,2,1,1,7,1,7,7
588,2,3,4,2,1,1,7,1,7,7
589,2,3,4,3,1,1,7,3,7,7
590,2,3,4,2,1,1,7,1,7,7
591,2,3,4,3,1,1,7,3,7,7
592,2,3,4,3,1,1,7,3,7,7
593,2,3,4,2,1,1,7,1,7,7
594,2,3,4,2,1,1,7,1,7,7
595,2,3,4,3,1,1,7,3,7,7
596,2,3,4,3,1,1,7,3,7,7
597,2,3,4,3,1,1,7,3,7,7
598,2,3,4,2,1,1,7,1,7,7
599,2,3,4,2,1,1,7,1,7,7
600,2,3,4,2,1,1,7,1,7,7
601,2,3,4,2,1,1,7,1,7,7
602,2,3,4,2,1,1,7,1,7,7
603,2,3,4,2,1,1,7,1,7,7
604,2,3,4,2,1,1,7,1,7,7
605,2,3,4,3,1,1,7,3,7,7
606,2,3,4,3,1,1,7,3,7,7
607,2,3,4,3,1,1,7,3,7,7
608,2,3,4,2,1,1,7,1,7,7
609,2,3,4,2,1,1,7,1,7,7
610,2,3,4,2,1,1,7,1,7,7
611,2,3,4,2,1,1,7,1,7,7
612,2,3,4,2,1,1,7,1,7,7
613,2,3,4,3,1,2,7,4,8,8
614,2,3,4,3,1,1,7,3,7,7
615,2,3,4,3,1,2,7,4,8,8
616,2,3,4,3,1,2,7,4,8,8
617,2,3,4,3,1,1,7,3,7,7
618,2,3,4,2,1,2,7,2,7,7
619,2,3,4,3,1,2,7,4,8,8
620,2,3,4,3,1,1,7,3,7,7
621,2,3,4,3,1,1,7,3,7,7
622,2,3,4,3,1,1,7,3,7,7
623,2,3,4,3,1,1,7,3,7,7
624,2,3,4,3,1,1,7,3,7,7
625,2,3,4,3,1,1,7,3,7,7
626,2,3,4,3,1,1,7,3,7,7
627,2,3,4,3,1,1,7,3,7,7
628,2,3,4,3,1,2,7,4,8,8
629,2,3,4,3,1,2,7,4,8,8
630,2,3,4,3,1,2,7,4,8,8
631,2,3,4,3,1,1,7,3,7,7
632,2,3,4,3,1,1,7,3,7,7
633,2,3,4,3,1,1,7,3,7,7
634,2,3,4,3,1,1,7,3,7,7
635,2,3,4,3,1,2,7,4,8,8
636,2,3,4,3,1,1,7,3,7,7
637,2,3,4,3,1,1,7,3,7,7
638,2,3,4,3,1,1,7,3,7,7
639,2,3,4,3,1,1,7,3,7,7
640,2,3,4,2,1,1,7,1,7,7
641,2,3,4,2,1,1,7,1,7,7
642,2,3,4,2,1,2,7,2,7,7
643,2,3,4,2,1,2,7,2,7,7
644,2,3,4,2,1,2,7,2,7,7
645,2,3,4,2,1,2,7,2,7,7
646,2,3,4,2,1,2,7,2,7,7
647,2,3,4,2,1,2,7,2,7,7
648,2,3,4,2,1,2,7,2,7,7
649,2,3,4,2,1,2,7,2,7,7
650,2,3,4,2,1,1,7,1,7,7
651,2,3,4,2,1,2,7,2,7,7
652,2,3,4,2,1,2,7,2,7,7
653,2,3,4,2,1,2,7,2,7,7
654,2,3,4,2,1,2,7,2,7,7
655,2,3,4,2,1,2,7,2,7,7
656,2,3,4,2,1,1,7,1,7,7
657,2,3,4,2,1,2,7,2,7,7
658,2,3,4,2,1,2,7,2,7,7
659,2,3,4,2,1,2,7,2,7,7
660,2,3,4,2,2,2,7,3,7,7
661,2,3,4,2,2,2,7,3,7,7
662,2,3,4,2,1,2,7,2,7,7
663,2,3,4,2,1,2,7,2,7,7
664,2,3,4,2,1,2,7,2,7,7
665,2,3,4,2,1,2,7,2,7,7
666,2,3,4,2,1,2,7,2,7,7
667,2,3,4,2,2,2,7,3,7,7
668,2,3,4,2,2,2,7,3,7,7
669,2,3,4,2,2,2,7,3,7,7
670,2,3,4,2,2,2,7,3,7,7
671,2,3,4,2,2,2,7,3,7,7
672,2,3,4,2,2,2,7,3,7,7
673,2,3,4,2,2,2,7,3,7,7
674,2,3,4,2,2,2,7,3,7,7
675,2,3,4,2,2,2,7,3,7,7
676,2,3,4,2,2,2,7,3,7,7
677,2,3,4,2,2,2,7,3,7,7
678,2,3,4,3,2,1,7,4,8,8
679,2,3,4,3,2,2,7,5,9,9
680,2,3,4,3,2,2,7,5,9,9
681,2,3,4,3,2,2,7,5,9,9
682,2,3,4,3,2,2,7,5,9,9
683,2,3,4,3,2,2,7,5,9,9
684,2,3,4,3,2,2,7,5,9,9
685,2,3,4,3,2,2,7,5,9,9
686,2,3,4,2,2,2,7,3,7,7
687,2,3,4,2,2,2,7,3,7,7
688,1,3,4,2,2,2,6,3,6,6
689,1,3,4,2,2,2,6,3,6,6
690,1,3,4,2,2,2,6,3,6,6
691,1,3,4,2,2,2,6,3,6,6
692,1,3,4,2,2,2,6,3,6,6
693,1,3,4,2,2,2,6,3,6,6
694,1,3,4,2,2,2,6,3,6,6
695,1,3,4,2,2,2,6,3,6,6
696,1,3,4,2,2,2,6,3,6,6
697,1,3,4,2,2,2,6,3,6,6
698,1,3,4,2,2,2,6,3,6,6
699,1,3,4,2,2,2,6,3,6,6
700,1,3,3,2,2,2,5,3,4,4
701,1,3,3,2,2,2,5,3,4,4
702,1,3,3,3,2,2,5,5,6,6
703,1,3,3,3,2,2,5,5,6,6
704,2,3,3,3,2,2,6,5,8,8
705,2,3,3,3,2,2,6,5,8,8
706,2,3,3,3,1,2,6,4,7,7
707,1,3,3,2,2,2,5,3,4,4
708,1,3,3,2,2,2,5,3,4,4
709,2,3,3,3,2,2,6,5,8,8
710,1,3,3,2,2,2,5,3,4,4
711,2,3,3,3,2,2,6,5,8,8
712,1,3,3,2,2,2,5,3,4,4
713,1,3,3,2,2,2,5,3,4,4
714,1,3,4,3,1,2,6,4,7,7
715,2,3,3,2,2,2,6,3,6,6
716,1,3,3,2,2,2,5,3,4,4
717,1,3,3,2,2,2,5,3,4,4
718,2,3,4,3,2,2,7,5,9,9
719,2,3,4,3,2,2,7,5,9,9
720,2,3,3,2,2,2,6,3,6,6
721,2,3,3,2,2,2,6,3,6,6
722,2,3,3,2,2,2,6,3,6,6
723,2,3,3,2,2,2,6,3,6,6
724,2,3,3,3,2,2,6,5,8,8
725,2,3,4,3,2,2,7,5,9,9
726,1,3,3,3,2,2,5,5,6,6
727,2,3,4,3,2,2,7,5,9,9
728,2,3,4,3,2,2,7,5,9,9
729,1,3,3,3,2,2,5,5,6,6
730,2,3,3,3,2,2,6,5,8,8
731,2,3,3,3,2,2,6,5,8,8
732,1,3,3,3,2,2,5,5,6,6
733,2,3,4,3,1,2,7,4,8,8
734,1,3,4,2,2,2,6,3,6,6
735,1,3,4,3,1,2,6,4,7,7
736,2,3,4,3,2,2,7,5,9,9
737,2,3,4,3,2,2,7,5,9,9
738,2,3,4,3,2,2,7,5,9,9
739,1,3,4,2,2,2,6,3,6,6
740,2,3,4,3,1,2,7,4,8,8
741,2,3,4,3,1,2,7,4,8,8
742,2,3,4,3,1,2,7,4,8,8
743,2,3,4,3,1,2,7,4,8,8
744,2,3,4,3,1,2,7,4,8,8
745,2,3,4,3,2,2,7,5,9,9
746,2,3,4,3,2,2,7,5,9,9
747,2,3,4,3,2,2,7,5,9,9
748,2,3,4,3,2,2,7,5,9,9
749,2,3,4,3,2,2,7,5,9,9
750,2,3,4,3,2,2,7,5,9,9
751,2,3,4,3,2,2,7,5,9,9
752,2,3,4,2,2,2,7,3,7,7
753,2,3,4,3,2,2,7,5,9,9
754,2,3,4,2,2,2,7,3,7,7
755,2,3,3,2,2,2,6,3,6,6
756,2,3,4,2,2,2,7,3,7,7
757,2,3,4,2,2,2,7,3,7,7
758,2,3,4,2,2,2,7,3,7,7
759,2,3,4,2,2,2,7,3,7,7
760,2,3,3,2,2,2,6,3,6,6
761,2,3,4,2,2,2,7,3,7,7
762,2,3,4,3,2,2,7,5,9,9
763,2,3,4,3,2,2,7,5,9,9
764,2,3,3,3,2,2,6,5,8,8
765,2,3,4,3,2,2,7,5,9,9
766,2,3,4,3,2,2,7,5,9,9
767,2,3,3,3,2,2,6,5,8,8
768,2,3,4,3,2,2,7,5,9,9
769,2,3,4,3,2,2,7,5,9,9
770,2,3,4,3,2,2,7,5,9,9
771,2,3,3,3,2,2,6,5,8,8
772,2,3,4,3,2,2,7,5,9,9
773,2,3,3,3,2,2,6,5,8,8
774,2,3,4,3,2,2,7,5,9,9
775,2,3,4,3,2,2,7,5,9,9
776,2,3,4,3,2,2,7,5,9,9
777,2,3,4,3,2,2,7,5,9,9
778,2,3,4,3,2,2,7,5,9,9
779,2,3,4,3,1,2,7,4,8,8
780,2,3,4,3,1,2,7,4,8,8
781,2,3,4,3,2,2,7,5,9,9
782,2,3,4,3,2,2,7,5,9,9
783,2,3,4,3,2,2,7,5,9,9
784,2,3,4,3,2,2,7,5,9,9
785,2,3,4,3,2,2,7,5,9,9
786,2,3,4,3,1,2,7,4,8,8
787,2,3,3,3,2,2,6,5,8,8
788,2,3,4,3,1,2,7,4,8,8
789,2,3,3,3,2,2,6,5,8,8
790,2,3,3,3,2,2,6,5,8,8
791,2,3,4,3,2,2,7,5,9,9
792,2,3,3,2,2,2,6,3,6,6
793,2,3,3,2,2,2,6,3,6,6
794,2,3,3,2,2,2,6,3,6,6
795,2,3,3,2,2,2,6,3,6,6
796,1,3,3,2,2,2,5,3,4,4
797,1,3,3,2,2,2,5,3,4,4
798,1,3,3,2,2,2,5,3,4,4
799,1,3,3,2,2,2,5,3,4,4
800,1,3,4,2,2,2,6,3,6,6
801,1,3,4,2,2,2,6,3,6,6
802,1,3,4,2,2,2,6,3,6,6
803,1,3,4,2,2,2,6,3,6,6
804,1,3,4,2,2,2,6,3,6,6
805,1,3,4,2,2,2,6,3,6,6
806,2,3,4,2,2,2,7,3,7,7
807,2,3,4,2,2,2,7,3,7,7
808,2,3,4,3,2,2,7,5,9,9
809,2,3,3,3,2,2,6,5,8,8
810,2,3,3,3,2,2,6,5,8,8
811,2,3,3,3,2,2,6,5,8,8
812,2,3,3,2,2,2,6,3,6,6
813,2,3,3,3,2,2,6,5,8,8
814,2,3,3,2,2,2,6,3,6,6
815,2,3,3,2,2,2,6,3,6,6
816,2,3,3,2,2,2,6,3,6,6
817,2,3,4,2,2,2,7,3,7,7
818,2,3,4,2,2,2,7,3,7,7
819,2,3,4,2,2,2,7,3,7,7
820,2,3,4,3,2,2,7,5,9,9
821,2,3,4,2,2,2,7,3,7,7
822,2,3,3,2,2,2,6,3,6,6
823,2,3,4,2,2,2,7,3,7,7
824,2,3,4,2,2,2,7,3,7,7
825,2,3,4,2,2,2,7,3,7,7
826,2,3,4,2,1,2,7,2,7,7
827,2,3,4,2,1,2,7,2,7,7
828,2,3,4,2,2,2,7,3,7,7
829,2,3,4,2,2,2,7,3,7,7
830,2,3,3,2,2,2,6,3,6,6
831,2,3,3,2,2,2,6,3,6,6
832,2,3,3,2,1,2,6,2,6,6
833,2,3,3,2,1,2,6,2,6,6
834,2,3,3,2,1,2,6,2,6,6
835,2,3,3,2,1,2,6,2,6,6
836,2,3,3,2,2,2,6,3,6,6
837,2,3,3,2,1,2,6,2,6,6
838,2,3,3,2,1,2,6,2,6,6
839,2,3,3,2,2,2,6,3,6,6
840,2,3,3,2,2,2,6,3,6,6
841,2,3,3,2,2,2,6,3,6,6
842,2,3,3,2,2,2,6,3,6,6
843,2,3,4,2,2,2,7,3,7,7
844,2,3,4,2,2,2,7,3,7,7
845,2,3,4,2,2,2,7,3,7,7
846,2,3,4,2,2,2,7,3,7,7
847,2,3,4,2,1,2,7,2,7,7
848,2,3,4,2,2,2,7,3,7,7
849,2,3,4,2,2,2,7,3,7,7
850,2,3,4,2,2,2,7,3,7,7
851,2,3,4,2,2,2,7,3,7,7
852,2,3,4,2,1,2,7,2,7,7
853,2,3,4,2,2,2,7,3,7,7
854,2,3,4,2,2,2,7,3,7,7
855,2,3,4,2,1,2,7,2,7,7
856,2,3,4,2,1,2,7,2,7,7
857,2,3,3,2,1,2,6,2,6,6
858,2,3,3,2,1,2,6,2,6,6
859,2,3,3,2,1,2,6,2,6,6
860,2,3,3,2,1,2,6,2,6,6
861,2,3,3,2,1,2,6,2,6,6
862,2,3,3,2,1,2,6,2,6,6
863,2,3,3,2,1,2,6,2,6,6
864,2,3,3,2,1,2,6,2,6,6
865,2,3,3,2,1,2,6,2,6,6
866,2,3,3,2,1,2,6,2,6,6
867,2,3,3,2,1,2,6,2,6,6
868,2,3,3,2,1,2,6,2,6,6
869,2,3,3,2,1,2,6,2,6,6
870,2,3,3,2,1,2,6,2,6,6
871,2,3,3,3,1,2,6,4,7,7
872,2,3,3,2,1,2,6,2,6,6
873,2,3,3,2,1,2,6,2,6,6
874,2,3,3,2,1,2,6,2,6,6
875,2,3,3,2,1,2,6,2,6,6
876,2,3,3,2,1,2,6,2,6,6
877,2,3,3,2,1,2,6,2,6,6
878,2,3,3,2,1,2,6,2,6,6
879,2,3,3,2,1,2,6,2,6,6
880,2,3,3,2,1,2,6,2,6,6
881,2,3,3,2,1,2,6,2,6,6
882,2,3,3,2,1,2,6,2,6,6
883,2,3,3,2,1,2,6,2,6,6
884,2,3,3,2,1,2,6,2,6,6
885,2,3,3,3,1,2,6,4,7,7
886,2,3,3,2,1,2,6,2,6,6
887,2,3,3,2,1,2,6,2,6,6
888,2,3,3,3,1,2,6,4,7,7
889,2,3,3,3,1,2,6,4,7,7
890,2,3,3,2,2,2,6,3,6,6
891,2,3,4,2,2,2,7,3,7,7
892,2,3,4,2,2,2,7,3,7,7
893,2,3,4,2,2,2,7,3,7,7
894,2,3,4,2,2,2,7,3,7,7
895,2,3,4,2,2,2,7,3,7,7
896,2,3,4,2,2,2,7,3,7,7
897,2,3,4,2,2,2,7,3,7,7
898,2,3,4,2,2,2,7,3,7,7
899,2,3,4,2,2,2,7,3,7,7
900,2,3,4,2,2,2,7,3,7,7
901,2,3,4,2,2,2,7,3,7,7
902,2,3,4,2,2,2,7,3,7,7
903,2,3,4,2,2,2,7,3,7,7
904,2,3,4,2,2,2,7,3,7,7
905,2,3,4,2,2,2,7,3,7,7
906,2,3,4,2,2,2,7,3,7,7
907,2,3,4,2,2,2,7,3,7,7
908,2,3,3,2,2,2,6,3,6,6
909,2,3,4,2,2,2,7,3,7,7
910,2,3,3,2,2,2,6,3,6,6
911,2,3,3,2,2,2,6,3,6,6
912,2,3,3,2,2,2,6,3,6,6
913,2,3,3,2,2,2,6,3,6,6
914,2,3,3,2,2,2,6,3,6,6
915,2,3,3,2,2,2,6,3,6,6
916,2,3,3,2,2,2,6,3,6,6
917,2,3,4,2,2,2,7,3,7,7
918,2,3,4,3,2,2,7,5,9,9
919,2,3,4,3,2,2,7,5,9,9
920,2,3,4,3,2,2,7,5,9,9
921,2,3,4,3,2,2,7,5,9,9
922,2,3,4,3,2,2,7,5,9,9
923,2,3,4,3,2,2,7,5,9,9
924,2,3,4,3,2,2,7,5,9,9
925,2,3,4,3,2,2,7,5,9,9
926,2,3,4,3,2,2,7,5,9,9
927,1,3,4,3,2,2,6,5,8,8
928,1,3,4,3,2,2,6,5,8,8
929,1,3,4,3,2,2,6,5,8,8
930,1,3,4,2,2,2,6,3,6,6
931,2,3,4,3,2,2,7,5,9,9
932,2,3,4,2,2,2,7,3,7,7
933,2,3,4,3,2,2,7,5,9,9
934,2,3,4,3,2,2,7,5,9,9
935,2,3,4,3,2,1,7,4,8,8
936,2,3,4,3,2,2,7,5,9,9
937,2,3,4,3,2,1,7,4,8,8
938,2,3,4,3,2,1,7,4,8,8
939,2,3,4,3,2,1,7,4,8,8
940,2,3,4,2,2,1,7,2,7,7
941,2,3,4,2,2,1,7,2,7,7
942,2,3,4,2,2,1,7,2,7,7
943,2,3,4,2,2,1,7,2,7,7
944,2,3,4,2,2,1,7,2,7,7
945,2,3,4,2,2,1,7,2,7,7
946,2,3,4,2,2,1,7,2,7,7
947,2,3,4,2,2,1,7,2,7,7
948,2,3,4,2,2,1,7,2,7,7
949,2,3,4,3,2,1,7,4,8,8
950,2,3,4,2,2,1,7,2,7,7
951,2,3,4,3,2,1,7,4,8,8
952,2,3,4,3,2,1,7,4,8,8
953,2,3,4,3,2,1,7,4,8,8
954,2,3,4,3,2,1,7,4,8,8
955,2,3,4,3,2,1,7,4,8,8
956,2,3,4,3,2,1,7,4,8,8
957,2,3,4,3,2,1,7,4,8,8
958,2,3,4,3,2,1,7,4,8,8
959,2,3,4,3,2,1,7,4,8,8
960,2,3,4,3,2,1,7,4,8,8
961,2,3,4,3,2,1,7,4,8,8
962,2,3,4,3,2,1,7,4,8,8
963,2,3,4,3,2,1,7,4,8,8
964,2,3,4,3,2,1,7,4,8,8
965,2,3,4,3,2,1,7,4,8,8
966,2,3,4,3,2,1,7,4,8,8
967,2,3,4,3,2,1,7,4,8,8
968,2,3,4,3,2,1,7,4,8,8
969,2,3,4,3,2,1,7,4,8,8
970,2,3,4,3,2,1,7,4,8,8
971,2,3,4,3,2,1,7,4,8,8
972,2,3,4,3,2,1,7,4,8,8
973,2,3,4,3,2,1,7,4,8,8
974,2,3,4,3,2,1,7,4,8,8
975,2,3,4,3,2,1,7,4,8,8
976,2,3,4,3,2,1,7,4,8,8
977,2,3,4,3,2,1,7,4,8,8
978,2,3,4,3,2,1,7,4,8,8
979,2,3,4,3,2,1,7,4,8,8
980,2,3,4,3,2,1,7,4,8,8
981,2,3,4,3,2,1,7,4,8,8
982,2,3,4,3,1,1,7,3,7,7
983,2,3,4,3,1,1,7,3,7,7
984,2,3,4,3,1,1,7,3,7,7
985,2,3,4,3,1,1,7,3,7,7
986,2,3,4,3,1,1,7,3,7,7
987,2,3,4,3,1,1,7,3,7,7
988,2,3,4,3,1,1,7,3,7,7
989,2,3,4,3,2,1,7,4,8,8
990,2,3,4,3,2,1,7,4,8,8
991,2,3,4,3,2,1,7,4,8,8
992,2,3,4,3,2,1,7,4,8,8
993,2,3,4,3,2,1,7,4,8,8
994,2,3,4,3,2,1,7,4,8,8
995,2,3,4,3,2,1,7,4,8,8
996,2,3,4,3,2,1,7,4,8,8
997,2,3,4,3,2,2,7,5,9,9
998,2,3,4,2,2,1,7,2,7,7
999,2,3,4,2,2,1,7,2,7,7
1000,2,3,4,2,2,2,7,3,7,7
1001,2,3,4,2,2,1,7,2,7,7
1002,2,3,4,2,2,1,7,2,7,7
1003,2,3,4,2,2,2,7,3,7,7
1004,2,3,4,2,2,1,7,2,7,7
1005,2,3,4,2,2,1,7,2,7,7
1006,2,3,4,2,2,1,7,2,7,7
1007,2,3,4,2,2,1,7,2,7,7
1008,2,3,4,2,2,1,7,2,7,7
1009,2,3,4,2,2,1,7,2,7,7
1010,2,3,4,2,2,1,7,2,7,7
1011,2,3,4,2,2,1,7,2,7,7
1012,2,3,4,2,2,1,7,2,7,7
1013,2,3,4,2,2,1,7,2,7,7
1014,2,3,4,2,2,1,7,2,7,7
1015,2,3,4,2,2,1,7,2,7,7
1016,2,3,4,2,2,1,7,2,7,7
1017,2,3,4,2,2,1,7,2,7,7
1018,2,3,4,2,2,1,7,2,7,7
1019,2,3,4,2,2,1,7,2,7,7
1020,2,3,4,2,2,1,7,2,7,7
1021,2,3,4,2,2,1,7,2,7,7
1022,2,3,4,2,2,1,7,2,7,7
1023,2,3,4,2,2,1,7,2,7,7
1024,2,3,4,2,2,1,7,2,7,7
1025,2,3,4,2,2,1,7,2,7,7
1026,2,3,4,2,2,1,7,2,7,7
1027,2,3,4,2,2,1,7,2,7,7
1028,2,3,4,2,2,1,7,2,7,7
1029,2,3,4,2,2,1,7,2,7,7
1030,2,3,4,2,2,1,7,2,7,7
1031,2,3,4,3,2,2,7,5,9,9
1032,2,3,4,3,2,1,7,4,8,8
1033,2,3,4,3,2,1,7,4,8,8
1034,2,3,4,3,2,2,7,5,9,9
1035,2,3,4,3,2,2,7,5,9,9
1036,2,3,4,3,2,2,7,5,9,9
1037,2,3,4,3,2,2,7,5,9,9
1038,2,3,4,2,2,2,7,3,7,7
1039,2,3,4,3,2,2,7,5,9,9
1040,2,3,4,3,2,2,7,5,9,9
1041,2,3,4,3,2,2,7,5,9,9
1042,2,3,4,3,2,1,7,4,8,8
1043,2,3,4,3,2,1,7,4,8,8
1044,2,3,4,3,2,1,7,4,8,8
1045,2,3,4,3,2,2,7,5,9,9
1046,2,3,4,3,2,2,7,5,9,9
1047,2,3,4,3,2,2,7,5,9,9
1048,2,3,4,3,1,2,7,4,8,8
1049,2,3,4,3,1,2,7,4,8,8
1050,2,3,4,3,2,2,7,5,9,9
1051,1,3,4,2,2,1,6,2,6,6
1052,1,3,4,3,2,1,6,4,7,7
1053,1,3,4,2,1,1,6,1,6,6
1054,2,3,4,3,1,1,7,3,7,7
1055,2,3,4,2,1,2,7,2,7,7
1056,2,3,4,3,1,2,7,4,8,8
1057,2,3,4,3,1,2,7,4,8,8
1058,2,3,4,3,1,2,7,4,8,8
1059,2,3,4,3,1,2,7,4,8,8
1060,2,3,4,3,1,2,7,4,8,8
1061,2,3,4,3,1,1,7,3,7,7
1062,2,3,4,3,1,1,7,3,7,7
1063,2,3,4,3,1,1,7,3,7,7
1064,2,3,4,3,1,1,7,3,7,7
1065,2,3,4,3,1,1,7,3,7,7
1066,2,3,4,3,1,1,7,3,7,7
1067,2,3,4,3,1,1,7,3,7,7
1068,2,3,4,3,1,1,7,3,7,7
1069,2,3,4,3,1,1,7,3,7,7
1070,2,3,4,3,1,1,7,3,7,7
1071,2,3,4,3,1,1,7,3,7,7
1072,2,3,4,3,1,1,7,3,7,7
1073,2,3,4,3,1,1,7,3,7,7
1074,2,3,4,3,1,1,7,3,7,7
1075,2,3,4,3,1,1,7,3,7,7
1076,2,3,4,3,1,1,7,3,7,7
1077,2,3,4,3,1,1,7,3,7,7
1078,2,3,4,3,1,1,7,3,7,7
1079,2,3,4,3,1,2,7,4,8,8
1080,2,3,4,3,1,2,7,4,8,8
1081,2,3,4,3,1,2,7,4,8,8
1082,2,3,4,3,1,2,7,4,8,8
1083,2,3,4,3,1,2,7,4,8,8
1084,2,3,4,3,1,2,7,4,8,8
1085,2,3,4,3,1,2,7,4,8,8
1086,2,3,4,3,1,2,7,4,8,8
1087,2,3,4,3,1,2,7,4,8,8
1088,2,3,4,3,1,2,7,4,8,8
1089,2,3,4,3,1,2,7,4,8,8
1090,2,3,4,3,1,2,7,4,8,8
1091,2,3,4,3,1,2,7,4,8,8
1092,2,3,4,3,1,2,7,4,8,8
1093,2,3,4,3,1,2,7,4,8,8
1094,2,3,4,3,1,2,7,4,8,8
1095,2,3,4,3,1,2,7,4,8,8
1096,2,3,4,3,1,2,7,4,8,8
1097,2,3,4,3,1,2,7,4,8,8
1098,2,3,4,3,1,2,7,4,8,8
1099,2,3,4,3,1,2,7,4,8,8
1100,2,3,4,3,1,2,7,4,8,8
1101,2,3,4,3,1,2,7,4,8,8
1102,2,3,4,3,1,2,7,4,8,8
1103,2,3,4,3,1,2,7,4,8,8
1104,2,3,4,3,1,2,7,4,8,8
1105,2,3,4,3,1,2,7,4,8,8
1106,2,3,4,3,1,2,7,4,8,8
1107,2,3,4,3,1,2,7,4,8,8
1108,2,3,4,3,1,2,7,4,8,8
1109,2,3,4,3,1,2,7,4,8,8
1110,2,3,4,3,1,2,7,4,8,8
1111,2,3,4,3,1,1,7,3,7,7
1112,2,3,4,3,1,2,7,4,8,8
1113,2,3,4,3,1,2,7,4,8,8
1114,2,3,4,3,1,2,7,4,8,8
1115,2,3,4,3,1,2,7,4,8,8
1116,2,3,4,3,1,2,7,4,8,8
1117,2,3,4,3,1,2,7,4,8,8
1118,2,3,4,3,1,1,7,3,7,7
1119,2,3,4,3,1,2,7,4,8,8
1120,2,3,4,3,1,1,7,3,7,7
1121,2,3,4,3,1,1,7,3,7,7
1122,2,3,4,3,1,2,7,4,8,8
1123,2,3,4,3,1,2,7,4,8,8
1124,2,3,4,3,1,1,7,3,7,7
1125,2,3,4,3,1,2,7,4,8,8
1126,2,3,4,3,1,2,7,4,8,8
1127,2,3,4,3,1,2,7,4,8,8
1128,2,3,4,3,1,2,7,4,8,8
1129,2,3,4,3,1,2,7,4,8,8
1130,2,3,4,3,1,2,7,4,8,8
1131,2,3,4,3,1,2,7,4,8,8
1132,2,3,4,3,2,2,7,5,9,9
1133,2,3,4,3,2,2,7,5,9,9
1134,2,3,4,3,2,2,7,5,9,9
1135,2,3,4,3,2,2,7,5,9,9
1136,2,3,4,2,2,2,7,3,7,7
1137,2,3,4,3,2,2,7,5,9,9
1138,2,3,4,3,2,2,7,5,9,9
1139,2,4,4,4,2,2,8,6,10,10
1140,2,4,4,5,2,2,8,8,10,10
1141,2,4,4,5,2,2,8,8,10,10
1142,2,4,4,5,2,2,8,8,10,10
1143,2,4,4,5,1,2,8,7,10,10
1144,2,4,4,5,1,2,8,7,10,10
1145,2,4,4,5,1,2,8,7,10,10
1146,2,4,4,5,1,2,8,7,10,10
1147,2,4,4,5,1,2,8,7,10,10
1148,2,4,4,5,1,2,8,7,10,10
1149,2,4,4,5,1,2,8,7,10,10
1150,2,4,4,5,1,2,8,7,10,10
1151,2,4,4,5,1,2,8,7,10,10
1152,2,4,4,5,1,2,8,7,10,10
1153,2,4,4,5,2,2,8,8,10,10
1154,2,4,4,5,2,2,8,8,10,10
1155,2,4,4,5,2,2,8,8,10,10
1156,2,4,4,5,2,1,8,7,10,10
1157,2,4,4,5,1,1,8,6,10,10
1158,2,4,4,5,1,2,8,7,10,10
1159,2,4,4,5,1,2,8,7,10,10
1160,2,4,4,5,1,2,8,7,10,10
1161,2,4,4,5,1,2,8,7,10,10
1162,2,4,4,5,1,2,8,7,10,10
1163,2,4,4,5,1,2,8,7,10,10
1164,2,4,4,5,1,2,8,7,10,10
1165,2,4,4,5,1,2,8,7,10,10
1166,2,4,4,5,1,2,8,7,10,10
1167,2,4,4,5,1,2,8,7,10,10
1168,2,4,4,5,1,2,8,7,10,10
1169,2,4,4,5,1,2,8,7,10,10
1170,2,4,4,5,1,2,8,7,10,10
1171,2,4,4,5,1,2,8,7,10,10
1172,2,4,4,5,1,2,8,7,10,10
1173,2,4,4,5,1,2,8,7,10,10
1174,2,4,4,5,1,2,8,7,10,10
1175,2,4,4,5,1,2,8,7,10,10
1176,2,4,4,5,2,2,8,8,10,10
1177,2,4,4,5,1,2,8,7,10,10
1178,2,4,4,5,2,2,8,8,10,10
1179,2,4,4,5,1,2,8,7,10,10
1180,2,4,4,5,2,2,8,8,10,10
1181,2,4,4,5,2,2,8,8,10,10
1182,2,4,4,5,1,2,8,7,10,10
1183,2,4,4,5,2,2,8,8,10,10
1184,2,4,4,5,2,2,8,8,10,10
1185,2,4,4,5,2,2,8,8,10,10
1186,2,4,4,5,2,2,8,8,10,10
1187,2,4,4,5,2,2,8,8,10,10
1188,2,4,4,5,1,2,8,7,10,10
1189,2,4,4,5,2,2,8,8,10,10
1190,2,4,4,5,2,2,8,8,10,10
1191,2,4,4,5,2,2,8,8,10,10
1192,2,4,4,5,2,2,8,8,10,10
1193,2,4,4,5,2,2,8,8,10,10
1194,2,4,4,5,2,2,8,8,10,10
1195,2,4,4,4,2,2,8,6,10,10
1196,2,4,4,3,1,2,8,4,9,9
1197,2,4,4,5,2,2,8,8,10,10
1198,2,4,4,5,2,2,8,8,10,10
1199,2,4,4,5,1,2,8,7,10,10
1200,2,4,4,5,2,2,8,8,10,10
1201,2,4,4,5,1,2,8,7,10,10
1202,2,4,4,5,2,2,8,8,10,10
1203,2,4,4,5,2,2,8,8,10,10
1204,2,4,4,5,2,2,8,8,10,10
1205,2,4,4,5,2,2,8,8,10,10
1206,2,4,4,5,1,2,8,7,10,10
1207,2,4,4,5,1,2,8,7,10,10
1208,2,4,4,5,2,2,8,8,10,10
1209,2,4,4,5,2,2,8,8,10,10
1210,2,4,4,5,1,2,8,7,10,10
1211,2,4,4,5,1,2,8,7,10,10
1212,2,4,4,5,2,2,8,8,10,10
1213,2,4,4,5,2,2,8,8,10,10
1214,2,4,4,5,1,2,8,7,10,10
1215,2,4,4,5,1,2,8,7,10,10
1216,2,4,4,5,1,2,8,7,10,10
1217,2,4,4,5,1,2,8,7,10,10
1218,2,4,4,5,1,2,8,7,10,10
1219,2,4,4,5,1,2,8,7,10,10
1220,2,4,4,5,1,2,8,7,10,10
1221,2,4,4,5,2,3,8,8,10,10
1222,2,4,4,5,1,2,8,7,10,10
1223,2,4,4,5,1,2,8,7,10,10
1224,2,4,4,5,1,2,8,7,10,10
1225,2,4,4,5,2,2,8,8,10,10
1226,2,4,4,5,2,2,8,8,10,10
1227,2,4,4,5,2,2,8,8,10,10
1228,2,4,4,5,1,2,8,7,10,10
1229,2,4,4,5,2,2,8,8,10,10
1230,2,4,4,5,2,2,8,8,10,10
1231,2,4,4,5,2,3,8,8,10,10
1232,2,4,4,5,2,3,8,8,10,10
1233,2,4,4,5,2,3,8,8,10,10
1234,2,4,4,5,2,2,8,8,10,10
1235,2,4,4,5,2,2,8,8,10,10
1236,2,4,4,5,2,2,8,8,10,10
1237,2,4,4,5,2,2,8,8,10,10
1238,2,4,4,5,2,2,8,8,10,10
1239,2,4,4,5,2,2,8,8,10,10
1240,2,4,4,5,2,2,8,8,10,10
1241,2,4,4,5,2,2,8,8,10,10
1242,2,4,4,5,1,2,8,7,10,10
1243,2,4,4,5,1,2,8,7,10,10
1244,2,4,4,5,1,2,8,7,10,10
1245,2,4,4,5,1,2,8,7,10,10
1246,2,4,4,5,1,2,8,7,10,10
1247,2,4,4,5,2,2,8,8,10,10
1248,2,4,4,5,2,2,8,8,10,10
1249,2,4,4,5,2,2,8,8,10,10
1250,2,4,4,5,2,2,8,8,10,10
1251,2,4,4,5,1,2,8,7,10,10
1252,2,4,4,5,2,2,8,8,10,10
1253,2,4,4,5,2,2,8,8,10,10
1254,2,4,4,5,1,2,8,7,10,10
1255,2,4,4,5,2,2,8,8,10,10
1256,2,4,4,5,2,2,8,8,10,10
1257,2,4,4,5,2,2,8,8,10,10
1258,2,4,4,5,2,2,8,8,10,10
1259,2,4,4,5,2,2,8,8,10,10
1260,2,4,4,5,2,2,8,8,10,10
1261,2,4,4,5,2,2,8,8,10,10
1262,2,4,4,5,2,2,8,8,10,10
1263,2,4,4,5,1,2,8,7,10,10
1264,2,4,4,5,1,2,8,7,10,10
1265,2,4,4,5,1,2,8,7,10,10
1266,2,3,4,5,1,2,7,7,9,9
1267,2,4,4,5,1,2,8,7,10,10
1268,2,4,4,5,1,2,8,7,10,10
1269,2,4,4,4,1,2,8,5,10,10
1270,2,4,4,4,2,2,8,6,10,10
1271,2,4,4,3,2,2,8,5,10,10
1272,2,3,4,3,2,2,7,5,9,9
1273,2,3,4,3,2,2,7,5,9,9
1274,2,3,4,3,2,2,7,5,9,9
1275,2,3,4,3,2,2,7,5,9,9
1276,2,3,4,3,2,2,7,5,9,9
1277,2,3,4,3,2,1,7,4,8,8
1278,2,3,4,3,2,1,7,4,8,8
1279,2,3,4,2,2,1,7,2,7,7
1280,2,3,4,2,2,1,7,2,7,7
1281,2,3,4,3,2,1,7,4,8,8
1282,2,3,4,3,2,1,7,4,8,8
1283,2,3,4,3,1,1,7,3,7,7
1284,2,3,4,3,1,1,7,3,7,7
1285,2,3,4,3,1,1,7,3,7,7
1286,2,3,4,3,1,1,7,3,7,7
1287,2,3,4,3,1,2,7,4,8,8
1288,2,3,4,3,1,2,7,4,8,8
1289,2,3,4,3,1,2,7,4,8,8
1290,2,3,4,3,1,1,7,3,7,7
1291,2,3,4,3,1,1,7,3,7,7
1292,2,3,4,3,1,1,7,3,7,7
1293,2,3,4,3,1,1,7,3,7,7
1294,2,3,4,3,1,1,7,3,7,7
1295,2,3,4,3,1,1,7,3,7,7
1296,2,3,4,3,1,1,7,3,7,7
1297,2,3,4,3,1,1,7,3,7,7
1298,2,3,4,3,1,2,7,4,8,8
1299,2,3,4,3,1,1,7,3,7,7
1300,2,3,4,3,1,2,7,4,8,8
1301,2,3,4,3,1,2,7,4,8,8
1302,2,3,4,3,1,1,7,3,7,7
1303,2,3,4,3,1,1,7,3,7,7
1304,2,3,4,3,1,1,7,3,7,7
1305,2,3,4,3,1,1,7,3,7,7
1306,2,3,4,3,1,1,7,3,7,7
1307,2,3,4,3,1,1,7,3,7,7
1308,2,3,4,3,1,1,7,3,7,7
1309,2,3,4,3,1,1,7,3,7,7
1310,2,3,4,3,1,1,7,3,7,7
1311,2,3,4,3,1,1,7,3,7,7
1312,2,3,4,3,1,1,7,3,7,7
1313,2,3,4,3,1,2,7,4,8,8
1314,2,3,4,3,1,1,7,3,7,7
1315,2,3,4,3,1,2,7,4,8,8
1316,2,3,4,3,1,1,7,3,7,7
1317,2,3,4,3,1,1,7,3,7,7
1318,2,3,4,3,1,1,7,3,7,7
1319,2,3,4,3,1,1,7,3,7,7
1320,2,3,4,3,1,1,7,3,7,7
1321,2,3,4,3,1,1,7,3,7,7
1322,2,3,4,3,1,1,7,3,7,7
1323,2,3,4,3,1,1,7,3,7,7
1324,2,3,4,3,1,1,7,3,7,7
1325,2,3,4,3,1,2,7,4,8,8
1326,2,3,4,3,1,1,7,3,7,7
1327,2,3,4,3,1,1,7,3,7,7
1328,2,3,4,3,1,2,7,4,8,8
1329,2,3,4,3,1,1,7,3,7,7
1330,2,3,4,3,1,1,7,3,7,7
1331,2,3,4,3,1,2,7,4,8,8
1332,2,3,4,3,1,1,7,3,7,7
1333,2,3,4,3,1,1,7,3,7,7
1334,2,3,4,2,1,1,7,1,7,7
1335,2,3,4,2,1,2,7,2,7,7
1336,2,3,4,2,1,1,7,1,7,7
1337,2,3,4,2,1,1,7,1,7,7
1338,2,3,4,2,1,1,7,1,7,7
1339,2,3,4,2,1,2,7,2,7,7
1340,2,3,4,2,1,2,7,2,7,7
1341,2,3,4,2,1,1,7,1,7,7
1342,2,3,4,2,1,1,7,1,7,7
1343,2,3,4,2,1,1,7,1,7,7
1344,2,3,4,3,1,1,7,3,7,7
1345,2,3,4,3,2,1,7,4,8,8
1346,2,3,4,3,2,1,7,4,8,8
1347,2,3,4,3,2,1,7,4,8,8
1348,2,3,4,3,2,2,7,5,9,9
1349,2,3,4,3,2,2,7,5,9,9
1350,2,3,4,3,1,2,7,4,8,8
1351,2,3,4,3,1,2,7,4,8,8
1352,2,3,4,3,1,2,7,4,8,8
1353,2,3,4,3,1,1,7,3,7,7
1354,2,3,4,3,1,1,7,3,7,7
1355,2,3,4,3,1,1,7,3,7,7
1356,2,3,4,3,1,1,7,3,7,7
1357,2,3,4,3,1,1,7,3,7,7
1358,2,3,4,3,1,1,7,3,7,7
1359,2,3,4,3,1,1,7,3,7,7
1360,2,3,4,3,1,1,7,3,7,7
1361,2,3,4,3,1,1,7,3,7,7
1362,2,3,4,3,1,2,7,4,8,8
1363,2,3,4,3,1,2,7,4,8,8
1364,2,3,4,3,1,2,7,4,8,8
1365,2,3,4,3,1,1,7,3,7,7
1366,2,3,4,3,1,1,7,3,7,7
1367,2,3,4,3,1,1,7,3,7,7
1368,2,3,4,3,1,1,7,3,7,7
1369,2,3,4,3,1,1,7,3,7,7
1370,2,3,4,3,1,2,7,4,8,8
1371,2,3,4,3,1,1,7,3,7,7
1372,2,3,4,3,1,1,7,3,7,7
1373,2,3,4,3,1,1,7,3,7,7
1374,2,3,4,3,1,1,7,3,7,7
1375,2,3,4,3,1,1,7,3,7,7
1376,2,3,4,3,1,1,7,3,7,7
1377,2,3,4,3,1,1,7,3,7,7
1378,2,3,4,3,1,1,7,3,7,7
1379,2,3,4,3,1,1,7,3,7,7
1380,2,3,4,3,1,1,7,3,7,7
1381,2,3,4,3,1,1,7,3,7,7
1382,2,3,4,3,1,1,7,3,7,7
1383,2,3,4,3,1,1,7,3,7,7
1384,2,3,4,3,1,1,7,3,7,7
1385,2,3,4,3,1,1,7,3,7,7
1386,2,3,4,3,1,1,7,3,7,7
1387,2,3,4,3,1,1,7,3,7,7
1388,2,3,4,3,1,1,7,3,7,7
1389,2,3,4,3,1,1,7,3,7,7
1390,2,3,4,3,1,1,7,3,7,7
1391,2,3,4,3,1,1,7,3,7,7
1392,2,3,4,3,1,1,7,3,7,7
1393,2,3,4,3,1,1,7,3,7,7
1394,2,3,4,3,1,1,7,3,7,7
1395,2,3,4,3,1,1,7,3,7,7
1396,2,3,4,3,1,1,7,3,7,7
1397,2,3,4,3,1,1,7,3,7,7
1398,2,3,4,3,1,1,7,3,7,7
1399,2,3,4,3,1,1,7,3,7,7
1400,2,3,4,3,1,1,7,3,7,7
1401,2,3,4,3,1,2,7,4,8,8
1402,2,3,4,3,1,1,7,3,7,7
1403,2,3,4,3,1,2,7,4,8,8
1404,2,3,4,3,1,2,7,4,8,8
1405,2,3,4,3,1,2,7,4,8,8
1406,2,3,4,3,1,1,7,3,7,7
1407,2,3,4,3,2,2,7,5,9,9
1408,2,3,4,3,2,2,7,5,9,9
1409,2,3,4,3,1,2,7,4,8,8
1410,2,3,4,3,2,1,7,4,8,8
1411,2,3,4,3,2,2,7,5,9,9
1412,2,3,4,3,2,2,7,5,9,9
1413,2,3,4,2,2,2,7,3,7,7
1414,2,3,4,3,2,2,7,5,9,9
1415,2,3,4,3,1,2,7,4,8,8
1416,2,3,4,3,1,2,7,4,8,8
1417,2,3,4,3,2,2,7,5,9,9
1418,2,3,4,3,2,2,7,5,9,9
1419,2,3,4,3,2,2,7,5,9,9
1420,1,3,4,3,2,2,6,5,8,8
1421,1,3,4,3,2,2,6,5,8,8
1422,1,3,4,3,2,2,6,5,8,8
1423,1,3,4,3,2,2,6,5,8,8
1424,1,3,4,3,2,2,6,5,8,8
1425,1,3,4,3,2,2,6,5,8,8
1426,2,3,4,3,2,2,7,5,9,9
1427,2,3,4,3,2,2,7,5,9,9
1428,2,3,4,3,2,2,7,5,9,9
1429,2,3,4,3,2,2,7,5,9,9
1430,2,3,3,3,2,2,6,5,8,8
1431,2,3,3,3,2,2,6,5,8,8
1432,2,3,3,3,2,2,6,5,8,8
1433,2,3,3,3,2,2,6,5,8,8
1434,2,3,3,3,2,2,6,5,8,8
1435,2,3,3,3,2,2,6,5,8,8
1436,2,3,3,3,2,2,6,5,8,8
1437,2,3,3,3,2,2,6,5,8,8
1438,1,3,3,3,2,2,5,5,6,6
1439,2,3,3,3,2,2,6,5,8,8
1440,2,3,3,3,2,2,6,5,8,8
1441,2,3,3,3,2,2,6,5,8,8
1442,2,3,3,3,2,2,6,5,8,8
1443,2,3,3,3,2,2,6,5,8,8
1444,2,3,3,3,2,2,6,5,8,8
1445,2,3,3,3,2,2,6,5,8,8
1446,2,3,3,3,2,2,6,5,8,8
1447,2,3,3,3,2,2,6,5,8,8
1448,2,3,3,3,2,2,6,5,8,8
1449,2,3,3,3,2,2,6,5,8,8
1450,2,3,3,3,2,2,6,5,8,8
1451,2,3,3,3,2,2,6,5,8,8
1452,2,3,3,3,2,2,6,5,8,8
1453,2,3,3,3,2,2,6,5,8,8
1454,2,3,3,3,2,2,6,5,8,8
1455,2,3,3,3,2,2,6,5,8,8
1456,2,3,3,3,2,2,6,5,8,8
1457,2,3,3,3,2,2,6,5,8,8
1458,2,3,3,3,2,2,6,5,8,8
1459,2,3,3,3,2,2,6,5,8,8
1460,2,3,3,3,2,2,6,5,8,8
1461,2,3,3,3,2,2,6,5,8,8
1462,2,3,3,3,2,2,6,5,8,8
1463,2,3,3,3,2,2,6,5,8,8
1464,2,3,3,3,2,2,6,5,8,8
1465,2,3,3,3,2,2,6,5,8,8
1466,2,3,3,3,2,2,6,5,8,8
1467,2,3,3,3,2,2,6,5,8,8
1468,2,3,3,3,2,2,6,5,8,8
1469,2,3,3,3,2,2,6,5,8,8
1470,2,3,3,3,2,2,6,5,8,8
1471,2,3,3,3,2,2,6,5,8,8
1472,2,3,3,3,2,2,6,5,8,8
1473,2,3,3,3,2,2,6,5,8,8
1474,2,3,3,3,2,2,6,5,8,8
1475,2,3,3,3,2,2,6,5,8,8
1476,2,3,3,3,2,2,6,5,8,8
1477,2,3,3,3,2,2,6,5,8,8
1478,2,3,3,3,2,2,6,5,8,8
1479,2,3,3,3,2,2,6,5,8,8
1480,2,3,3,3,2,2,6,5,8,8
1481,2,3,3,3,2,2,6,5,8,8
1482,2,3,3,3,2,2,6,5,8,8
1483,2,3,3,3,2,2,6,5,8,8
1484,2,3,3,3,2,2,6,5,8,8
1485,2,3,3,3,2,2,6,5,8,8
1486,2,3,3,3,2,2,6,5,8,8
1487,2,3,3,3,2,2,6,5,8,8
1488,2,3,3,3,2,2,6,5,8,8
1489,2,3,3,3,2,2,6,5,8,8
1490,1,3,3,3,2,2,5,5,6,6
1491,1,3,3,3,2,2,5,5,6,6
1492,1,3,3,3,2,2,5,5,6,6
1493,1,3,3,3,2,2,5,5,6,6
1494,1,3,3,3,2,2,5,5,6,6
1495,2,3,3,3,2,2,6,5,8,8
1496,1,3,3,3,2,2,5,5,6,6
1497,1,3,3,3,2,2,5,5,6,6
1498,1,3,3,3,2,2,5,5,6,6
1499,1,3,3,3,2,2,5,5,6,6
1500,1,3,3,3,2,2,5,5,6,6
1501,2,3,3,4,2,2,6,6,8,8
1502,2,3,3,5,2,3,6,8,9,9
1503,2,3,3,5,2,2,6,8,9,9
1504,1,3,3,5,2,2,5,8,8,8
1505,1,3,3,5,2,2,5,8,8,8
1506,1,3,3,5,2,2,5,8,8,8
1507,1,3,3,5,2,2,5,8,8,8
1508,1,3,3,5,2,2,5,8,8,8
1509,1,3,3,5,2,2,5,8,8,8
1510,1,3,3,5,2,3,5,8,8,8
1511,1,3,3,5,2,2,5,8,8,8
1512,1,3,3,5,2,2,5,8,8,8
1513,1,3,3,5,2,2,5,8,8,8
1514,1,3,3,5,2,2,5,8,8,8
1515,1,3,3,5,2,2,5,8,8,8
1516,1,3,3,5,2,2,5,8,8,8
1517,1,3,3,5,2,2,5,8,8,8
1518,1,3,3,5,2,2,5,8,8,8
1519,1,3,3,5,2,2,5,8,8,8
1520,1,3,3,5,2,2,5,8,8,8
1521,1,3,3,5,2,2,5,8,8,8
1522,1,3,3,5,2,2,5,8,8,8
1523,1,3,3,5,2,3,5,8,8,8
1524,1,3,3,5,2,2,5,8,8,8
1525,1,3,3,5,2,2,5,8,8,8
1526,2,3,3,5,2,2,6,8,9,9
1527,2,3,3,5,2,2,6,8,9,9
1528,2,3,3,5,2,2,6,8,9,9
1529,2,3,3,5,2,2,6,8,9,9
1530,2,3,3,5,2,2,6,8,9,9
1531,2,3,3,5,2,2,6,8,9,9
1532,2,3,3,5,2,2,6,8,9,9
1533,2,3,3,5,2,2,6,8,9,9
1534,1,3,3,5,2,2,5,8,8,8
1535,2,3,3,5,2,2,6,8,9,9
1536,2,3,3,5,2,2,6,8,9,9
1537,1,3,3,5,2,2,5,8,8,8
1538,2,3,3,5,2,2,6,8,9,9
1539,2,3,3,5,2,2,6,8,9,9
1540,2,3,3,5,2,2,6,8,9,9
1541,2,3,3,5,2,2,6,8,9,9
1542,2,3,3,5,2,2,6,8,9,9
1543,2,3,3,5,2,2,6,8,9,9
1544,2,3,3,5,2,2,6,8,9,9
1545,2,3,3,5,2,2,6,8,9,9
1546,2,3,3,5,2,2,6,8,9,9
1547,2,3,3,5,2,2,6,8,9,9
1548,2,3,3,5,2,3,6,8,9,9
1549,2,3,3,5,2,3,6,8,9,9
1550,2,3,3,5,2,2,6,8,9,9
1551,2,3,3,5,2,2,6,8,9,9
1552,2,3,3,5,2,2,6,8,9,9
1553,2,3,3,5,2,2,6,8,9,9
1554,2,3,3,5,2,2,6,8,9,9
1555,2,3,3,5,2,2,6,8,9,9
1556,2,3,3,5,2,2,6,8,9,9
1557,2,3,3,5,2,2,6,8,9,9
1558,2,3,3,5,2,2,6,8,9,9
1559,2,3,3,5,2,3,6,8,9,9
1560,2,3,3,5,2,2,6,8,9,9
1561,2,3,3,5,2,2,6,8,9,9
1562,2,3,3,5,2,2,6,8,9,9
1563,2,3,3,5,2,2,6,8,9,9
1564,2,3,3,5,2,2,6,8,9,9
1565,2,3,3,5,2,2,6,8,9,9
1566,2,3,3,5,2,2,6,8,9,9
1567,2,3,3,5,2,2,6,8,9,9
1568,2,3,3,5,2,3,6,8,9,9
1569,2,3,3,5,2,2,6,8,9,9
1570,2,3,3,5,2,3,6,8,9,9
1571,2,3,3,5,2,3,6,8,9,9
1572,2,3,3,5,2,3,6,8,9,9
1573,2,3,3,5,2,2,6,8,9,9
1574,2,3,3,5,2,2,6,8,9,9
1575,2,3,3,5,2,2,6,8,9,9
1576,2,3,3,5,2,2,6,8,9,9
1577,2,3,3,5,2,3,6,8,9,9
1578,2,3,3,5,2,3,6,8,9,9
1579,2,3,3,5,2,3,6,8,9,9
1580,2,3,3,5,2,2,6,8,9,9
1581,2,3,3,5,2,3,6,8,9,9
1582,2,3,3,5,2,2,6,8,9,9
1583,2,3,3,5,2,3,6,8,9,9
1584,2,3,3,5,2,3,6,8,9,9
1585,2,3,3,5,2,3,6,8,9,9
1586,2,3,4,5,2,2,7,8,10,10
1587,2,3,4,5,2,3,7,8,10,10
1588,1,3,4,5,2,2,6,8,9,9
1589,1,3,4,5,2,2,6,8,9,9
1590,1,3,4,5,2,2,6,8,9,9
1591,2,3,4,3,2,2,7,5,9,9
1592,2,3,4,3,2,2,7,5,9,9
1593,1,3,4,5,2,2,6,8,9,9
1594,1,4,4,5,1,2,7,7,9,9
1595,2,4,4,5,2,2,8,8,10,10
1596,1,4,4,5,1,2,7,7,9,9
1597,1,4,4,5,2,2,7,8,10,10
1598,1,4,4,5,1,2,7,7,9,9
1599,1,4,4,5,2,2,7,8,10,10
1600,1,4,4,5,2,2,7,8,10,10
1601,2,4,4,5,1,2,8,7,10,10
1602,2,4,4,5,1,2,8,7,10,10
1603,2,4,4,5,1,2,8,7,10,10
1604,2,4,4,5,1,2,8,7,10,10
1605,2,4,4,5,1,1,8,6,10,10
1606,2,4,4,5,1,2,8,7,10,10
1607,2,4,4,5,1,2,8,7,10,10
1608,2,4,4,5,1,2,8,7,10,10
1609,2,4,4,5,1,2,8,7,10,10
1610,2,4,4,5,1,2,8,7,10,10
1611,2,4,4,5,1,2,8,7,10,10
1612,2,4,4,5,1,2,8,7,10,10
1613,2,4,4,3,1,2,8,4,9,9
1614,2,4,4,3,1,2,8,4,9,9
1615,2,4,4,3,1,2,8,4,9,9
1616,2,4,4,5,1,2,8,7,10,10
1617,2,4,4,5,2,2,8,8,10,10
1618,2,4,4,5,1,2,8,7,10,10
1619,2,4,4,3,1,2,8,4,9,9
1620,2,4,4,3,2,2,8,5,10,10
1621,2,4,4,5,2,2,8,8,10,10
1622,2,4,4,5,2,2,8,8,10,10
1623,2,4,4,5,2,2,8,8,10,10
1624,2,4,4,5,2,2,8,8,10,10
1625,2,4,4,5,1,2,8,7,10,10
1626,2,4,4,5,2,2,8,8,10,10
1627,2,4,4,5,2,2,8,8,10,10
1628,2,4,4,5,2,2,8,8,10,10
1629,2,4,4,5,2,2,8,8,10,10
1630,2,4,4,5,2,2,8,8,10,10
1631,2,4,4,5,2,2,8,8,10,10
1632,2,4,4,5,2,2,8,8,10,10
1633,2,4,4,5,2,2,8,8,10,10
1634,2,4,4,5,2,2,8,8,10,10
1635,2,4,4,5,2,2,8,8,10,10
1636,2,4,4,5,2,2,8,8,10,10
1637,2,4,4,5,2,2,8,8,10,10
1638,2,4,4,5,2,2,8,8,10,10
1639,2,4,4,5,2,2,8,8,10,10
1640,2,4,4,5,2,2,8,8,10,10
1641,2,4,4,5,1,2,8,7,10,10
1642,2,4,4,3,1,2,8,4,9,9
1643,2,4,4,3,1,2,8,4,9,9
1644,2,4,4,5,2,2,8,8,10,10
1645,2,4,4,5,2,2,8,8,10,10
1646,2,4,4,5,2,2,8,8,10,10
1647,2,4,4,5,2,2,8,8,10,10
1648,2,4,4,5,1,2,8,7,10,10
1649,2,4,4,5,2,2,8,8,10,10
1650,2,4,4,5,1,2,8,7,10,10
1651,2,4,4,5,1,2,8,7,10,10
1652,2,4,4,5,1,2,8,7,10,10
1653,2,4,4,5,1,2,8,7,10,10
1654,2,4,4,5,1,2,8,7,10,10
1655,2,4,4,5,1,2,8,7,10,10
1656,2,4,4,5,1,2,8,7,10,10
1657,2,4,4,5,1,2,8,7,10,10
1658,2,4,4,5,1,2,8,7,10,10
1659,2,4,4,5,1,2,8,7,10,10
1660,2,4,4,4,1,2,8,5,10,10
1661,2,4,4,4,1,2,8,5,10,10
1662,2,4,4,3,1,2,8,4,9,9
1663,2,4,4,3,1,2,8,4,9,9
1664,2,4,4,3,1,2,8,4,9,9
1665,2,4,4,4,1,2,8,5,10,10
1666,2,4,4,4,1,2,8,5,10,10
1667,2,4,4,5,1,2,8,7,10,10
1668,2,4,4,5,1,2,8,7,10,10
1669,2,4,4,5,1,2,8,7,10,10
1670,2,4,4,5,1,2,8,7,10,10
1671,2,4,4,5,1,2,8,7,10,10
1672,2,4,4,3,1,2,8,4,9,9
1673,2,4,4,5,1,2,8,7,10,10
1674,2,4,4,5,1,2,8,7,10,10
1675,2,4,4,5,1,2,8,7,10,10
1676,2,4,4,5,1,2,8,7,10,10
1677,2,4,4,5,1,2,8,7,10,10
1678,2,4,4,5,1,2,8,7,10,10
1679,2,4,4,5,1,2,8,7,10,10
1680,2,4,4,5,1,2,8,7,10,10
1681,2,4,4,3,1,2,8,4,9,9
1682,2,4,4,3,1,2,8,4,9,9
1683,2,4,4,5,1,2,8,7,10,10
1684,2,4,4,5,1,2,8,7,10,10
1685,2,4,4,5,1,2,8,7,10,10
1686,2,4,4,5,1,2,8,7,10,10
1687,2,4,4,5,1,2,8,7,10,10
1688,2,4,4,5,1,2,8,7,10,10
1689,2,4,4,5,1,2,8,7,10,10
1690,2,4,4,5,1,2,8,7,10,10
1691,2,4,4,5,1,2,8,7,10,10
1692,2,4,4,5,1,2,8,7,10,10
1693,2,4,4,3,1,2,8,4,9,9
1694,2,4,4,3,2,3,8,5,10,10
1695,2,4,4,3,1,3,8,5,10,10
1696,2,4,4,5,1,2,8,7,10,10
1697,2,4,4,5,1,2,8,7,10,10
1698,2,4,4,5,1,2,8,7,10,10
